qid,question,ground_truth
q_0,To whom did the Virgin Mary allegedly appear in 1858 in Lourdes France?,"[""Saint Bernadette Soubirous""]"
q_1,What is in front of the Notre Dame Main Building?,"[""a copper statue of Christ""]"
q_2,The Basilica of the Sacred heart at Notre Dame is beside to which structure?,"[""the Main Building""]"
q_3,What is the Grotto at Notre Dame?,"[""a Marian place of prayer and reflection""]"
q_4,What sits on top of the Main Building at Notre Dame?,"[""a golden statue of the Virgin Mary""]"
q_5,When did the Scholastic Magazine of Notre dame begin publishing?,"[""September 1876""]"
q_6,How often is Notre Dame's the Juggler published?,"[""twice""]"
q_7,What is the daily student paper at Notre Dame called?,"[""The Observer""]"
q_8,How many student news papers are found at Notre Dame?,"[""three""]"
q_9,In what year did the student paper Common Sense begin publication at Notre Dame?,"[""1987""]"
q_10,Where is the headquarters of the Congregation of the Holy Cross?,"[""Rome""]"
q_11,What is the primary seminary of the Congregation of the Holy Cross?,"[""Moreau Seminary""]"
q_12,What is the oldest structure at Notre Dame?,"[""Old College""]"
q_13,What individuals live at Fatima House at Notre Dame?,"[""Retired priests and brothers""]"
q_14,Which prize did Frederick Buechner create?,"[""Buechner Prize for Preaching""]"
q_15,How many BS level degrees are offered in the College of Engineering at Notre Dame?,"[""eight""]"
q_16,In what year was the College of Engineering at Notre Dame formed?,"[""1920""]"
q_17,Before the creation of the College of Engineering similar studies were carried out at which Notre Dame college?,"[""the College of Science""]"
q_18,How many departments are within the Stinson-Remick Hall of Engineering?,"[""five""]"
q_19,The College of Science began to offer civil engineering courses beginning at what time at Notre Dame?,"[""the 1870s""]"
q_20,What entity provides help with the management of time for new students at Notre Dame?,"[""Learning Resource Center""]"
q_21,How many colleges for undergraduates are at Notre Dame?,"[""five""]"
q_22,What was created at Notre Dame in 1962 to assist first year students?,"[""The First Year of Studies program""]"
q_23,"Which organization declared the First Year of Studies program at Notre Dame ""outstanding?""","[""U.S. News & World Report""]"
q_24,The granting of Doctorate degrees first occurred in what year at Notre Dame?,"[""1924""]"
q_25,What type of degree is an M.Div.?,"[""Master of Divinity""]"
q_26,Which program at Notre Dame offers a Master of Education degree?,"[""Alliance for Catholic Education""]"
q_27,In what year was a Master of Arts course first offered at Notre Dame?,"[""1854""]"
q_28,Which department at Notre Dame is the only one to not offer a PhD program?,"[""Department of Pre-Professional Studies""]"
q_29,What institute at Notre Dame studies the reasons for violent conflict?,"[""Joan B. Kroc Institute for International Peace Studies""]"
q_30,What is the title of Notre Dame's Theodore Hesburgh?,"[""President Emeritus of the University of Notre Dame""]"
q_31,In what year was the Joan B. Kroc Institute for International Peace Studies founded?,"[""1986""]"
q_32,To whom was John B. Kroc married?,"[""Ray Kroc""]"
q_33,What company did Ray Kroc own?,"[""McDonald's""]"
q_34,How many stories tall is the main library at Notre Dame?,"[""14""]"
q_35,What is the name of the main library at Notre Dame?,"[""Theodore M. Hesburgh Library""]"
q_36,In what year was the Theodore M. Hesburgh Library at Notre Dame finished?,"[""1963""]"
q_37,Which artist created the mural on the Theodore M. Hesburgh Library?,"[""Millard Sheets""]"
q_38,What is a common name to reference the mural created by Millard Sheets at Notre Dame?,"[""Touchdown Jesus""]"
q_39,How many incoming students did Notre Dame admit in fall 2015?,"[""3,577""]"
q_40,What percentage of students were admitted to Notre Dame in fall 2015?,"[""19.7%""]"
q_41,Where does Notre Dame rank in terms of academic profile among research universities in the US?,"[""the top 10 to 15 in the nation""]"
q_42,What percentage of students at Notre Dame participated in the Early Action program?,"[""39.1%""]"
q_43,How many miles does the average student at Notre Dame travel to study there?,"[""more than 750 miles""]"
q_44,Where did U.S. News & World Report rank Notre Dame in its 2015-2016 university rankings?,"[""18th overall""]"
q_45,Forbes.com placed Notre Dame at what position compared to other US research universities?,"[""8th""]"
q_46,The undergrad school at the Mendoza College of Business was ranked where according to BusinessWeek?,"[""1st overall""]"
q_47,In 2014 what entity named Notre Dame 10th best of all American universities?,"[""USA Today""]"
q_48,What percentage of Notre Dame students decide to study abroad?,"[""57.6%""]"
q_49,What person was the Director of the Science Museum at Notre Dame in the late 19th century?,"[""Father Joseph Carrier, C.S.C.""]"
q_50,What was the lifespan of John Augustine Zahm?,"[""1851–1921""]"
q_51,What program did John Augustine Zahm come to co-direct at Nore Dame?,"[""the Science Department""]"
q_52,What book did John Zahm write in 1896?,"[""Evolution and Dogma""]"
q_53,What professorship did Father Josh Carrier hold at Notre Dame?,"[""Professor of Chemistry and Physics""]"
q_54,In what year did Albert Zahm begin comparing aeronatical models at Notre Dame?,"[""1882""]"
q_55,Which professor sent the first wireless message in the USA?,"[""Professor Jerome Green""]"
q_56,In what year did Jerome Green send his first wireless message?,"[""Around 1899""]"
q_57,Which individual worked on projects at Notre Dame that eventually created neoprene?,"[""Father Julius Nieuwland""]"
q_58,What did the brother of John Zahm construct at Notre Dame?,"[""an early wind tunnel""]"
q_59,Work on a germ-free-life ended up in the creation of which Notre Dame institute?,"[""The Lobund Institute""]"
q_60,Around what time did Lobund of Notre Dame become independent?,"[""the 1940s""]"
q_61,In what year did Lobund at Notre Dame become an Institute?,"[""1950""]"
q_62,The Lobund Institute was merged into the Department of Biology at Notre Dame in what year?,"[""1958""]"
q_63,When did study of a germ-free-life begin at Notre Dame?,"[""1928""]"
q_64,Gurian created what in 1939 at Notre Dame?,"[""The Review of Politics""]"
q_65,What was the Review of Politics inspired by?,"[""German Catholic journals""]"
q_66,Over how many years did Gurian edit the Review of Politics at Notre Dame?,"[""44""]"
q_67,Thomas Stritch was an editor of which publican from Notre Dame?,"[""Review of Politics""]"
q_68,Who was the president of Notre Dame in 2012?,"[""John Jenkins""]"
q_69,The Kellogg Institute for International Studies is part of which university?,"[""Notre Dame""]"
q_70,What does the Kroc Institute at Notre Dame focus on?,"[""International Peace studies""]"
q_71,In what year did Notre Dame begin to host the Global Adaptation Index?,"[""2013""]"
q_72,What threat does the Global Adaptation Index study?,"[""climate change""]"
q_73,How many undergrads were attending Notre Dame in 2014?,"[""8,448""]"
q_74,What percentage of students at Notre Dame are the children of former Notre Dame students?,"[""21–24%""]"
q_75,How many teams participate in the Notre Dame Bookstore Basketball tournament?,"[""over 700""]"
q_76,For what cause is money raised at the Bengal Bouts tournament at Notre Dame?,"[""the Holy Cross Missions in Bangladesh""]"
q_77,How many students in total were at Notre Dame in 2014?,"[""12,179""]"
q_78,What percentage of undergrads live on the Notre Dame campus?,"[""80%""]"
q_79,How many student housing areas are reserved for Notre Dame's graduate students?,"[""four""]"
q_80,How many dorms for males are on the Notre Dame campus?,"[""15""]"
q_81,What amount of the graduate student body at Notre Dame live on the campus?,"[""20%""]"
q_82,There are how many dorms for females at Notre Dame?,"[""14""]"
q_83,What is Congregation of Holy Cross in Latin?,"[""Congregatio a Sancta Cruce""]"
q_84,What percentage of Notre Dame students feel they are Christian?,"[""more than 93%""]"
q_85,How often is Catholic mass held at Notre Dame in a week?,"[""over 100 times""]"
q_86,How many chapels are on the Notre Dame campus?,"[""Fifty-seven""]"
q_87,What amount of the student body of Notre Dame identifies as Catholic?,"[""over 80%""]"
q_88,What was the music hall at Notre Dame called?,"[""Washington Hall""]"
q_89,In what year was the Main Building at Notre Dame razed in a fire?,"[""1879""]"
q_90,Who was the president of Notre Dame in 1879?,"[""Rev. William Corby""]"
q_91,On what date was the rebuilding of The Main Building begun at Notre Dame after the fire that claimed the previous?,"[""17th of May""]"
q_92,What did the Science Hall at Notre Dame come to be known as?,"[""LaFortune Student Center""]"
q_93,What type of education was pushed at Notre Dame before its embracing of national standards?,"[""scholastic and classical""]"
q_94,Which college did Notre Dame add in 1921?,"[""College of Commerce""]"
q_95,"In 1919 a new president of Notre Dame was named, who was it?","[""Father James Burns""]"
q_96,Over how many years did the change to national standards undertaken at Notre Dame in the early 20th century take place?,"[""three years""]"
q_97,Those who attended a Jesuit college may have been forbidden from joining which Law School due to the curricula at the Jesuit institution?,"[""Harvard Law School""]"
q_98,"The Notre Dame football team got a new head coach in 1918, who was it?","[""Knute Rockne""]"
q_99,What was the amount of wins Knute Rockne attained at Notre Dame while head coach?,"[""105""]"
q_100,In what year did the team lead by Knute Rockne win the Rose Bowl?,"[""1925""]"
q_101,How many years was Knute Rockne head coach at Notre Dame?,"[""13""]"
q_102,How many national titles were won when Knute Rockne coached at Notre Dame?,"[""three""]"
q_103,"Catholic people identified with Notre Dame, what religious group did people feel Yale represented?","[""the Protestant establishment""]"
q_104,Notre Dame students had a showdown in 1924 with which anti-catholic group?,"[""the Ku Klux Klan""]"
q_105,Which college president of Notre Dame is credited with preventing more confrontations between students and the KKK?,"[""Fr. Matthew Walsh""]"
q_106,What type of event did the Klan intend to have at Notre Dame in March of 1924?,"[""a week-long Klavern""]"
q_107,Where did Notre Dame students and the KKK have their encounter?,"[""South Bend""]"
q_108,Which person became vice-president of Notre Dame in 1933?,"[""Father John Francis O'Hara""]"
q_109,Who was the president of Notre Dame in 1934?,"[""Father John Francis O'Hara""]"
q_110,Irvin Abell was given what award by Notre Dame?,"[""Laetare Medal""]"
q_111,Which year was the Laetare Medal first given out at Notre Dame?,"[""1883""]"
q_112,For whos glory did Father O'Hara believed that the Notre Dame football team played?,"[""God""]"
q_113,Around the time that Rev. Cavanaugh became president of Notre Dame by how much did the undergrad student body of Notre Dame increase?,"[""more than half""]"
q_114,Which institute involving animal life did Cavanaugh create at Notre Dame?,"[""Lobund Institute for Animal Studies""]"
q_115,What is O'Shaughnessy Hall of Notre Dame formerly known as?,"[""Hall of Liberal Arts""]"
q_116,Which president did Notre Dame have in 1947?,"[""Rev. John J. Cavanaugh, C.S.C.""]"
q_117,"Outside of an institute studying animals, what other institute did Cavanugh create at Notre Dame?","[""Medieval Institute""]"
q_118,What was the lifespan of Theodore Hesburgh?,"[""1917–2015""]"
q_119,In the time that Hesburgh was president of Notre Dame by what factor did the operating budget increase?,"[""18""]"
q_120,What was the size of the Notre Dame endowment when Theodore Hesburgh became president?,"[""$9 million""]"
q_121,During what years was Theodor Hesburgh president of Notre Dame?,"[""1952–87""]"
q_122,How many faculty members were at Notre Dame when Hesburgh left the role of president?,"[""950""]"
q_123,What type of educational institute is Hesburgh given credit for creating at Notre Dame?,"[""coeducational""]"
q_124,Which role did Charles Sheedy have at Notre Dame?,"[""Dean of Arts and Letters""]"
q_125,What title did Thomas Blantz have at Notre Dame?,"[""Vice President of Student Affairs""]"
q_126,In what year did Notre Dame have its earliest undergraduate that was female?,"[""1971""]"
q_127,With what institute did Notre Dame agree to an exchange program in the 1960s?,"[""Saint Mary's College""]"
q_128,During what years was Edward Malloy president of Notre Dame?,"[""1987–2005""]"
q_129,"What was the SAT score, on average, at Notre Dame when Edward Malloy became president?","[""1240""]"
q_130,When Malloy became president of Notre Dame what was the size of the endowment?,"[""$350 million""]"
q_131,When Malloy reached the end of his time as president how much annuals funding for research did Notre Dame have?,"[""more than $70 million""]"
q_132,The amount of professors at Notre Dame increased by what amount under Malloy?,"[""500""]"
q_133,When did John Jenkins become the president of Notre Dame?,"[""2005""]"
q_134,"In terms of the amount of presidents Notre Dame has had, where is John Jenkins on the list?","[""17th""]"
q_135,Who was the Notre Dame president that preceded John Jenkins?,"[""Malloy""]"
q_136,Which arena was constructed under Jenkins at Notre Dame?,"[""Compton Family Ice Arena""]"
q_137,How much money was spent on enhancing Notre Dame Stadium under John Jenkins?,"[""$400m""]"
q_138,Which congregation is in charge of the Old College at Notre Dame?,"[""Congregation of Holy Cross""]"
q_139,What structure is found on the location of the original church of Father Sorin at Notre Dame?,"[""Basilica of the Sacred Heart""]"
q_140,In which architectural style is the Basilica of the Sacred Heart at Notre Dame made?,"[""French Revival""]"
q_141,Which individual painted the inside of the Basilica of the Sacred Heart at Notre Dame?,"[""Luigi Gregori""]"
q_142,In what year was the Grotto of Our Lady of Lourdes at Notre Dame constructed?,"[""1896""]"
q_143,Which person oversaw the creation of a science hall at Notre Dame in 1883?,"[""Fr. Zahm""]"
q_144,In what year did the student union building at Notre Dame get renamed to LaFortune Center?,"[""1950""]"
q_145,After which individual was the LaFortune Center Notre Dame named?,"[""Joseph LaFortune""]"
q_146,How large in square feet is the LaFortune Center at Notre Dame?,"[""83,000 square feet""]"
q_147,What is the annual budget of Notre Dame's LaFortune Center?,"[""$1.2 million""]"
q_148,How many halls are at Notre Dame that house students?,"[""29""]"
q_149,Which library was built at Notre Dame in 1963?,"[""Theodore Hesburgh Library""]"
q_150,How many books are housed at the Theodore Hesburgh Library?,"[""almost 4 million""]"
q_151,Construction for which hall started on March 8th 2007 at Notre Dame?,"[""Duncan Hall""]"
q_152,Which baseball stadium is found at Notre Dame?,"[""Frank Eck Stadium""]"
q_153,In what year did Notre Dame create the Office of Sustainability?,"[""2008""]"
q_154,What percentage of the food served at Notre Dame is locally grown?,"[""40%""]"
q_155,"Notre Dame got a ""B"" for its sustainability practices from which entity?","[""Sustainable Endowments Institute""]"
q_156,Gustavo Gutierrez is faculty of which institute?,"[""Kroc Institute for International Peace Studies""]"
q_157,In what year did Notre Dame first have a facility in England?,"[""1968""]"
q_158,At which location is the London Center operated by Notre Dame found?,"[""1 Suffolk Street in Trafalgar Square""]"
q_159,"Notre Dame has a center in Beijing, what is it referred to as?","[""Global Gateways""]"
q_160,In what year did the Suffolk Street location start to house a Notre Dame facility?,"[""1998""]"
q_161,What was Notre Dame's first college?,"[""The College of Arts and Letters""]"
q_162,In what year was the The College of Arts and Letters at Notre Dame created?,"[""1842""]"
q_163,In what year did the College of Arts and Letters at Notre Dame grant its first degree?,"[""1849""]"
q_164,On which university did Notre Dame base its curriculum on?,"[""Saint Louis University""]"
q_165,How many BA majors does the College of Arts and Letters at Notre Dame offer?,"[""33""]"
q_166,Which president at Notre Dame created the College of Science?,"[""Father Patrick Dillon""]"
q_167,In what year was the Notre Dame College of Science formed?,"[""1865""]"
q_168,How many years long was a scientific course under Patrick Dillon at Notre Dame?,"[""six years""]"
q_169,Which hall at Notre Dame contains the current College of Science?,"[""Jordan Hall of Science""]"
q_170,How many undergrad students attend the College of Science at Notre Dame today?,"[""over 1,200""]"
q_171,In 1899 Notre Dame formed which college?,"[""School of Architecture""]"
q_172,In what building is the current School of Architecture housed at Notre Dame?,"[""Bond Hall""]"
q_173,What length is the course of study at the Notre Dame School of Architecture?,"[""five-year""]"
q_174,In which location do students of the School of Architecture of Notre Dame spend their 3rd year?,"[""Rome""]"
q_175,Which prestigious prize does the School of Architecture at Notre Dame give out?,"[""Driehaus Architecture Prize""]"
q_176,In what year did the opening of a theology library at Notre Dame occur?,"[""2015""]"
q_177,Where is the theology library at Notre Dame?,"[""the first floor of Stanford Hall""]"
q_178,How many books are held by the Notre Dame libraries?,"[""over three million volumes""]"
q_179,Currently where does Notre Dame's library rank in the nation?,"[""one of the 100 largest""]"
q_180,What caused many intellectual Catholics to leave europe in the 1930s?,"[""The rise of Hitler and other dictators""]"
q_181,From where did Anton-Hermann Chroust come to reach Notre Dame?,"[""Germany""]"
q_182,What field of study did Anton-Hermann Chroust specialize in?,"[""classics and law""]"
q_183,Who did Waldemar Gurian receive his tutelage under while seeking his doctorate?,"[""Max Scheler""]"
q_184,What was Ivan Meštrović known for being?,"[""a renowned sculptor""]"
q_185,"The school known as Notre Dame is known by a more lengthy name, what is it?","[""University of Notre Dame du""]"
q_186,What type of institution is the Notre Dame?,"[""Catholic research university""]"
q_187,The French words Notre Dame du Lac translate to what in English?,"[""Our Lady of the Lake""]"
q_188,Who is the patron saint of Notre Dame?,"[""the Virgin Mary""]"
q_189,How large is Notre Dame in acres?,"[""1,250""]"
q_190,What caused Notre Dame to become notable in the early 20th century?,"[""its Fighting Irish football team""]"
q_191,Which 20th century Notre Dame football coach is most notable?,"[""Knute Rockne""]"
q_192,Which athletic association are the student athletes at Notre Dame a part of?,"[""NCAA Division I""]"
q_193,How many students at Notre Dame received the Heisman Trophy?,"[""seven""]"
q_194,"There were multiple students from Notre Dame who entered the Pro Football Hall of Fame, how many?","[""13""]"
q_195,Where among US universities does Notre Dame rank?,"[""among the top twenty""]"
q_196,How many individual colleges are part of Notre Dame?,"[""four""]"
q_197,Which prize does the Architecture School at Notre Dame give out?,"[""Driehaus Architecture Prize""]"
q_198,How many doctorate and masters programs are available at Notre Dame?,"[""more than 50""]"
q_199,Which art museum does Notre Dame administer?,"[""Snite Museum of Art""]"
q_200,In what year was Father Edward Sorin given two years to create a college?,"[""1842""]"
q_201,Which individual offered land to Father Edward Sorin?,"[""Célestine Guynemer de la Hailandière""]"
q_202,Which church was Father Edward Sorin representing?,"[""the Congregation of the Holy Cross""]"
q_203,On what date did brothers from Holy Cross arrive at the future location of Notre Dame?,"[""November 26, 1842""]"
q_204,Which structure was the first used for the purposes of the college?,"[""Father Stephen Badin's old log chapel""]"
q_205,In what year did the initial degrees get handed out at Notre Dame?,"[""1849""]"
q_206,In what year did the original Sorin built Main Building get replaced?,"[""1865""]"
q_207,Which individual began a library at Notre Dame?,"[""Father Lemonnier""]"
q_208,"In what year had the library at Notre Dame reach 10,000 books?","[""1879""]"
q_209,In what year was the library at Notre Dame started?,"[""1873""]"
q_210,Which television station finds its home at Notre Dame?,"[""NDtv""]"
q_211,How many programs did NDtv feature in 2002?,"[""one show""]"
q_212,Which radio station provides radio to the students of Notre Dame at 88.9 FM?,"[""WSND-FM""]"
q_213,Which internet radio station of Notre Dame is served as an internet stream?,"[""WVFI""]"
q_214,How much is Eddy Street Commons at Notre Dame expected to cost?,"[""$215 million""]"
q_215,When was ground broke on the Eddy Street Commons Project of Notre Dame?,"[""June 3, 2008""]"
q_216,Who is the developer of Eddy Street Commons?,"[""Kite Realty""]"
q_217,Which entity did Notre Dame hire to build a parking structure outside of Eddy Street Commons?,"[""the City of South Bend""]"
q_218,"There were protested as a part of the construction at Eddy Street Commons, they came due tot he hiring of whom?","[""non-union workers""]"
q_219,What does the acronym NCAA stand for?,"[""National Collegiate Athletic Association""]"
q_220,Which league did Notre Dame Fighting Irish teams participate in in 1982?,"[""Horizon League""]"
q_221,What when conference do the Notre Dame fencing teams take part in?,"[""Midwest Fencing Conference""]"
q_222,"There is a conference that the male hockey team of Notre Dame competes in, what is it?","[""Hockey East""]"
q_223,In what conference did the Fighting Irish take part in in 2012?,"[""Big East Conference""]"
q_224,To what conference did the Fighting Irish go after the Big East?,"[""the ACC""]"
q_225,How many teams in each season do the Fighting Irish commit to play against ACC opponents?,"[""five""]"
q_226,"Where did the Fighting Irish hockey team compete prior to a move to Hockey East, in terms of conference?","[""Central Collegiate Hockey Association""]"
q_227,What colors are the official ones used by Notre Dame in sport competition?,"[""Navy Blue and Gold Rush""]"
q_228,What type of mascot do the Notre Dame sport teams have?,"[""Leprechaun""]"
q_229,Who currently provides uniforms to Notre Dame sport teams?,"[""Under Armour""]"
q_230,What is the value of the contract between Under Armour and Notre Dame?,"[""almost $100 million""]"
q_231,When did the Notre Dame marching band form?,"[""1846""]"
q_232,What is notable about the Notre Dame marching band?,"[""oldest university band in continuous existence in the United States""]"
q_233,What is the Notre Dame fight song?,"[""Notre Dame Victory March""]"
q_234,Which team did Notre Dame's football team find inspiration from?,"[""Michigan Wolverines football team""]"
q_235,In what year did Notre Dame football begin?,"[""1887""]"
q_236,What university is Notre Dame tied with in terms of most Heisman Trophy winners?,"[""Ohio State University""]"
q_237,Against which team does Notre Dame compete for the Jeweled Shillelagh?,"[""USC""]"
q_238,In terms of Notre Dame students in the College Football Hall of Fame the amount of students named is what ?,"[""the most""]"
q_239,What notable football player played at Notre Dame from 1916 to 1920?,"[""George Gipp""]"
q_240,"Against which opponent did Knute Rockne tell his team to ""win one for the Gipper?""","[""the Army team""]"
q_241,"Which person portrayed Knute Rockne in the 1940 movie ""Knute Rockne?""","[""Pat O'Brien""]"
q_242,"Ronald Reagan played the role of whom in 1940's ""Knute Rockne?""","[""Gipp""]"
q_243,How many seats are in Notre Dame Stadium?,"[""80,795""]"
q_244,What is displayed at Zahm House for football home games at Notre Dame?,"[""two-story banner""]"
q_245,What occurs at midnight preceding a football home game at Notre Dame?,"[""the Drummers' Circle""]"
q_246,From where does the Band of the Fighting Irish lead a march to the Notre Dame Stadium for football home games?,"[""the steps of Bond Hall""]"
q_247,What songs does the trumpet section of the Band of the Fighting Irish play preceding home football games?,"[""the Notre Dame Victory March and the Notre Dame Alma Mater""]"
q_248,On what day do Notre Dame home football games occur?,"[""Saturday""]"
q_249,How many wins does the Notre Dame men's basketball team have?,"[""over 1,600""]"
q_250,How many schools have a similar men's basketball record to Notre Dame in terms of wins?,"[""12""]"
q_251,How many NCAA tournaments did the Notre Dame men's basketball team take part in?,"[""28""]"
q_252,Which Notre Dame men's basketball player has the record for more points in one game?,"[""Austin Carr""]"
q_253,Who was the Notre Dame men's basketball coach in 2014?,"[""Mike Brey""]"
q_254,Who wrote the original lyrics to the Notre Dame Victory March?,"[""John F. Shea""]"
q_255,In what year did Michael J. Shea graduate from Notre Dame?,"[""1904""]"
q_256,"Who is responsible for writing the music for ""Notre Dame Victory March?""","[""Rev. Michael J. Shea""]"
q_257,"In what year did ""Notre Dame Victory March"" get copyrighted?","[""1928""]"
q_258,"To where are the loyal sons in ""Notre Dame Fight Song"" marching?","[""onward to victory""]"
q_259,"Ronald Reagan had a nickname, what was it?","[""The Gipper""]"
q_260,"In what film did a parody of the ""Win one for the Gipper"" speech appear?","[""Airplane!""]"
q_261,Who starred as Daniel Ruettiger in the film Rudy?,"[""Sean Astin""]"
q_262,Which person was a former comrade to Ted Striker in the film Airplane!?,"[""George Zipp""]"
q_263,Pat O'Brien portrayed which person in the film Knute Rockne?,"[""Knute Rockne""]"
q_264,Which Secretary of State attended Notre Dame?,"[""Condoleezza Rice""]"
q_265,Which Notre Dame alum from the College of Science won a Nobel Prize?,"[""Eric F. Wieschaus""]"
q_266,Who is the current president of Notre Dame?,"[""Rev. John Jenkins""]"
q_267,Mariel Zagunis is notable for winning what?,"[""Olympic gold""]"
q_268,Which notable astronaut is known to have attended Notre Dame?,"[""Jim Wetherbee""]"
q_269,When did Beyonce start becoming popular?,"[""in the late 1990s""]"
q_270,What areas did Beyonce compete in when she was growing up?,"[""singing and dancing""]"
q_271,When did Beyonce leave Destiny's Child and become a solo singer?,"[""2003""]"
q_272,In what city and state did Beyonce grow up?,"[""Houston, Texas""]"
q_273,In which decade did Beyonce become famous?,"[""late 1990s""]"
q_274,In what R&B group was she the lead singer?,"[""Destiny's Child""]"
q_275,What album made her a worldwide known artist?,"[""Dangerously in Love""]"
q_276,Who managed the Destiny's Child group?,"[""Mathew Knowles""]"
q_277,In what city did Beyonce grow up?,"[""Houston""]"
q_278,What was the name of Beyonce's first solo album?,"[""Dangerously in Love""]"
q_279,On what date was Beyonce born?,"[""September 4, 1981""]"
q_280,What is Beyonce's full name?,"[""Beyoncé Giselle Knowles-Carter""]"
q_281,When did Beyoncé rise to fame?,"[""late 1990s""]"
q_282,What role did Beyoncé have in Destiny's Child?,"[""lead singer""]"
q_283,What was the first album Beyoncé released as a solo artist?,"[""Dangerously in Love""]"
q_284,When did Beyoncé release Dangerously in Love?,"[""2003""]"
q_285,How many Grammy awards did Beyoncé win for her first solo album?,"[""five""]"
q_286,What was Beyoncé's role in Destiny's Child?,"[""lead singer""]"
q_287,What was the name of Beyoncé's first solo album?,"[""Dangerously in Love""]"
q_288,When did Beyoncé release her first solo album?,"[""2003""]"
q_289,"After her second solo album, what other entertainment venture did Beyonce explore?","[""acting""]"
q_290,Which artist did Beyonce marry?,"[""Jay Z""]"
q_291,"To set the record for Grammys, how many did Beyonce win?","[""six""]"
q_292,For what movie did Beyonce receive her first Golden Globe nomination?,"[""Dreamgirls""]"
q_293,When did Beyonce take a hiatus in her career and take control of her management?,"[""2010""]"
q_294,Which album was darker in tone from her previous work?,"[""Beyoncé""]"
q_295,"After what movie portraying Etta James, did Beyonce create Sasha Fierce?","[""Cadillac Records""]"
q_296,When did Destiny's Child end their group act?,"[""June 2005""]"
q_297,What was the name of Beyoncé's second solo album?,"[""B'Day""]"
q_298,"What was Beyoncé's first acting job, in 2006?","[""Dreamgirls""]"
q_299,Who is Beyoncé married to?,"[""Jay Z""]"
q_300,What is the name of Beyoncé's alter-ego?,"[""Sasha Fierce""]"
q_301,"In her music, what are some recurring elements in them?","[""love, relationships, and monogamy""]"
q_302,Time magazine named her one of the most 100 what people of the century?,"[""influential""]"
q_303,Which magazine declared her the most dominant woman musician?,"[""Forbes""]"
q_304,In which decade did the Recording Industry Association of America recognize Beyonce as the The Top Certified Artist?,"[""2000s""]"
q_305,What magazine rated Beyonce as the most powerful female musician in 2015?,"[""Forbes""]"
q_306,How did Beyonce describe herself as a feminist?,"[""modern-day feminist""]"
q_307,In which years did Time rate Beyonce in the 100 most influential people in the world?,"[""2013 and 2014""]"
q_308,How many records has Beyonce sold in her 19 year career?,"[""118 million""]"
q_309,How many records did Beyoncé sell as part of Destiny's Child?,"[""60 million""]"
q_310,"After leaving Destiny's Child, how many records did Beyoncé release under her own name?","[""118 million""]"
q_311,How many Grammy awards has Beyoncé won?,"[""20""]"
q_312,What magazine named Beyoncé as the most powerful female musician for 2015?,"[""Forbes""]"
q_313,Beyonce's younger sibling also sang with her in what band?,"[""Destiny's Child""]"
q_314,Where did Beyonce get her name from?,"[""her mother's maiden name""]"
q_315,What race was Beyonce's father?,"[""African-American""]"
q_316,Beyonce's childhood home believed in what religion?,"[""Methodist""]"
q_317,Beyonce's father worked as a sales manager for what company?,"[""Xerox""]"
q_318,Beyonce's mother worked in what industry?,"[""hairdresser and salon owner""]"
q_319,What younger sister of Beyonce also appeared in Destiny's Child?,"[""Solange""]"
q_320,Beyonce is a descendent of what Arcadian leader?,"[""Joseph Broussard""]"
q_321,What company did Beyoncé's father work for when she was a child?,"[""Xerox""]"
q_322,What did Beyoncé's mother own when Beyoncé was a child?,"[""salon""]"
q_323,What is the name of Beyoncé's younger sister?,"[""Solange""]"
q_324,Beyoncé is a descendant of which Acadian leader?,"[""Joseph Broussard.""]"
q_325,Beyoncé was raised in what religion?,"[""Methodist""]"
q_326,What town did Beyonce go to school in?,"[""Fredericksburg""]"
q_327,Who was the first person to notice Beyonce's singing ability?,"[""Darlette Johnson""]"
q_328,Beyonce moved to which town after she left her first elementary school?,"[""Houston""]"
q_329,Which of her teachers discovered Beyonce's musical talent?,"[""dance instructor Darlette Johnson""]"
q_330,I which church was Beyonce a member and soloist in the choir?,"[""St. John's United Methodist Church""]"
q_331,What type of school was Parker Elementary School?,"[""music magnet school""]"
q_332,Which song did Beyonce sing to win a competition at age 7?,"[""Imagine""]"
q_333,What city was Beyoncé's elementary school located in?,"[""Fredericksburg""]"
q_334,What was the name of Beyoncé's first dance instructor?,"[""Darlette Johnson""]"
q_335,How old was Beyoncé when she won a school talent show?,"[""seven""]"
q_336,What choir did Beyoncé sing in for two years?,"[""St. John's United Methodist Church""]"
q_337,Who decided to place Beyonce's group in Star Search the talent show?,"[""Arne Frager""]"
q_338,"In 1995, who decided to manage the girls singing group?","[""Beyoncé's father""]"
q_339,Who was the first record label to give the girls a record deal?,"[""Elektra Records""]"
q_340,Who brought Beyonce to California and enter her group in Star Search?,"[""Arne Frager""]"
q_341,In what year did Beyonce's father quit his job to manage her group?,"[""1995""]"
q_342,What large record company recorded Beyonce's group's first album?,"[""Sony Music""]"
q_343,What record company first signed Beyonce's group and later cut them?,"[""Elektra Records""]"
q_344,At what age did Beyonce meet LaTavia Robertson?,"[""age eight""]"
q_345,How old was Beyoncé when she met LaTavia Roberson?,"[""eight""]"
q_346,What was the name of the first group Beyoncé was a part of?,"[""Girl's Tyme""]"
q_347,Who placed Girl's Tyme in Star Search?,"[""Arne Frager""]"
q_348,When did Beyoncé begin to manage the girl group?,"[""1995""]"
q_349,"Who signed the girl group on October 5, 1995?","[""Dwayne Wiggins's Grass Roots Entertainment""]"
q_350,Which film featured Destiny's Child's first major single?,"[""Men in Black""]"
q_351,"For which song, did Destiny's Child take home the grammy award for best R&B performance?","[""\""Say My Name\""""]"
q_352,"Who did Beyonce record with for the movie ""The Best Man?""","[""Marc Nelson""]"
q_353,Beyonce's group changed their name to Destiny's Child in what year?,"[""1996""]"
q_354,The name Destiny's Child was based on a quote in which book of the Bible?,"[""Book of Isaiah""]"
q_355,"Debut song, ""Killing Time"" was featured on what movie's sound track?","[""Men in Black""]"
q_356,What song won Best R&B Performance in the 43 Annual Grammy Awards?,"[""Say My Name""]"
q_357,"What singer did Beyonce record a song with for the movie, ''The Best Man""?","[""Marc Nelson""]"
q_358,Where did Destiny's Child get their name from?,"[""Book of Isaiah.""]"
q_359,"Destiny's Child song, Killing Time, was included in which film's soundtrack?","[""Men in Black.""]"
q_360,What was Destiny's Child's first major song hit?,"[""No, No, No""]"
q_361,When did Destiny's Child release their second album?,"[""1999""]"
q_362,"Who did Beyoncé sing a duet with for ""The Best Man"" film?","[""Marc Nelson""]"
q_363,What mental health issue did Beyonce go through?,"[""depression""]"
q_364,What event occured after she was publicly criticized?,"[""boyfriend left her""]"
q_365,Who supported Beyonce through her depression?,"[""her mother""]"
q_366,What event caused Beyonce's depression?,"[""split with Luckett and Rober""]"
q_367,How long was Beyonce depressed?,"[""a couple of years""]"
q_368,Who helped Beyonce fight her depression the most?,"[""her mother""]"
q_369,Who replaced Luckett and Roberson in Destiny's Child?,"[""Farrah Franklin and Michelle Williams.""]"
q_370,Who was blamed for Luckett and Roberson leaving Destiny's Child?,"[""Beyoncé""]"
q_371,Who helped Beyoncé overcome her depression during the years following the Destiny's Child split?,"[""her mother""]"
q_372,Which newest member was removed from Destiny's Child?,"[""Farrah Franklin""]"
q_373,"""Charlie's Angels"" featured which single from the band members?","[""Independent Women Part I""]"
q_374,"How many weeks did their single ""Independent Women Part I"" stay on top?","[""eleven""]"
q_375,"For what network, did Beyonce land a major movie role in?","[""MTV""]"
q_376,"Their third album, Survivor, sold how many during its first week?","[""663,000 copies""]"
q_377,What French composer wrote the original opera ''Carmen'' in the 19th century?,"[""Georges Bizet""]"
q_378,What album caused a lawsuit to be filed in 2001?,"[""Survivor""]"
q_379,Independent Women Part I was on which 2000 film's soundtrack?,"[""Charlie's Angels.""]"
q_380,Which film did Beyoncé star in 2001 with Mekhi Phifer?,"[""Carmen: A Hip Hopera""]"
q_381,What was the name of Destiny Child's third album?,"[""Survivor""]"
q_382,Who filed a lawsuit over Survivor?,"[""Luckett and Roberson""]"
q_383,When did Destiny's Child announce their hiatus?,"[""October 2001""]"
q_384,"Who did Beyonce star with in the movie, ""Austin Powers in Goldmember""?","[""Mike Myers""]"
q_385,"Which three countries did Beyonce's song ""Work It Out"" achieve top ten status?","[""UK, Norway, and Belgium""]"
q_386,Beyonce starred with Cuba Gooding Jr. in which film?,"[""The Fighting Temptations""]"
q_387,"Who did Beyonce record the lead single with in the movie ""The Fighting Temptations""?","[""Missy Elliott""]"
q_388,Which other song from the soundtrack did better in the charts?,"[""Summertime""]"
q_389,What film did Beyonce appear in with Mike Myers?,"[""Austin Powers in Goldmember""]"
q_390,"What large amount did the movie ""Goldmember"" gross?","[""73 million""]"
q_391,"What genre of movie did Beyonce star in with Cuba Gooding, Jr?","[""musical comedy""]"
q_392,What song was the lead single from the film's sound track?,"[""Fighting Temptations""]"
q_393,"How did the critics view the movie, ''The Fighting Temptations''?","[""mixed reviews""]"
q_394,What film did Beyoncé star in with Mike Myers in 2002?,"[""Austin Powers in Goldmember""]"
q_395,What was Beyoncé's character called in Austin Powers in Goldmember?,"[""Foxxy Cleopatra""]"
q_396,Which song did Beyoncé release as the lead single for Austin Powers in Goldmember's soundtrack?,"[""Work It Out""]"
q_397,"What musical comedy did Beyoncé star in along with Cuba Gooding, Jr. in 2003?","[""The Fighting Temptations""]"
q_398,What song did Beyoncé release as the lead single from The Fighting Tempations?,"[""Fighting Temptations""]"
q_399,What was the highest Beyonce's first solo recording achieved in the Billboard Hot 100?,"[""number four""]"
q_400,Beyonce's first album by herself was called what?,"[""Dangerously in Love""]"
q_401,"How many has ""Dangerously in Love"" sould worldwide since its debut?","[""11 million""]"
q_402,Beyonce's first number one song was which song?,"[""Crazy in Love""]"
q_403,How many top five singles came from her first album?,"[""four""]"
q_404,Beyonce's first solo album in the U.S. with what artist in the lead single?,"[""Jay Z""]"
q_405,What solo album did Beyonce release in 2003?,"[""Dangerously in Love""]"
q_406,"The album, Dangerously in Love achieved what spot on the Billboard Top 100 chart?","[""number four""]"
q_407,"""The Closer I get to You"" was recorded with which artist?","[""Luther Vandross""]"
q_408,Which artist was associated with Beyoncé's premiere solo recording?,"[""Jay Z""]"
q_409,When did Beyoncé release her first solo album?,"[""June 24, 2003""]"
q_410,What is the lead single on Beyoncé's first album?,"[""Crazy in Love""]"
q_411,Who helped Beyoncé earn a Grammy award for Best R&B Performance by a Duo or Group at the 46th annual Grammy Awards?,"[""Luther Vandross.""]"
q_412,How many awards did Beyoncé win at the 46th Grammy's Awards?,"[""five.""]"
q_413,Destiny's Child's final album was named what?,"[""Destiny Fulfilled""]"
q_414,Destiny's Child got a star on the Hollywood Walk of Fame in what year?,"[""2006""]"
q_415,In what year did Beyonce embark on her Dangerously in Love tour of Europe?,"[""November 2003""]"
q_416,What was the name of the final album of Destiny's Child?,"[""Destiny Fulfilled""]"
q_417,It was announced that Destiny's Child would disban in what European city?,"[""Barcelona""]"
q_418,When did Destiny's Child get their star on the Hollywood Walk of Fame?,"[""March 2006""]"
q_419,What was the name of Beyoncé's European start that started in November 2003?,"[""Dangerously in Love Tour""]"
q_420,Who did Beyoncé tour with for the Verizon Lades First Tour?,"[""Missy Elliott and Alicia Keys""]"
q_421,"What major event did Beyoncé perform at on February 1, 2004?","[""Super Bowl XXXVIII""]"
q_422,What is the name of the final studio album from Destiny's Child?,"[""Destiny Fulfilled.""]"
q_423,How many albums did Beyonce sell in the first week when she released her second album?,"[""541,000""]"
q_424,The lead single from the album was which song?,"[""Déjà Vu""]"
q_425,"How many countries did her song ""Irreplaceable"" get number one status in?","[""five""]"
q_426,How many singles did her second album produce?,"[""five""]"
q_427,What birthday did Beyonce's album B'Day celebrate?,"[""twenty-fifth birthday""]"
q_428,"What artist did Beyonce duet with in the single, ""Deja Vu''?","[""Jay Z""]"
q_429,How high did ''Deja Vu'' climb on the Billboard chart?,"[""top five""]"
q_430,What is the name of Beyoncé's second album?,"[""B'Day""]"
q_431,How many copies did B'Day sell during the first week of its release?,"[""541,000""]"
q_432,"Who collaborated with Beyoncé on the single, Deja Vu?","[""Jay Z""]"
q_433,Which single from B'Day was only released in the U.K.?,"[""Green Light""]"
q_434,What movie did Beyonce act in 2006?,"[""The Pink Panther""]"
q_435,Her second movie Beyonce did was what film?,"[""Dreamgirls""]"
q_436,"The single, ""Listen"" was featured in which movie?","[""Dreamgirls""]"
q_437,Beyonce's first world tour was when?,"[""2007""]"
q_438,How much money did Beyonce's tour make in 2007?,"[""24 million""]"
q_439,How many millions of dollars did ''The Pink Panther'' gross world-wide?,"[""158.8 million""]"
q_440,What did Beyonce call her first concert tour?,"[""The Beyoncé Experience""]"
q_441,Who was Beyonce's duet with in ''Beautiful Liar''?,"[""Shakira""]"
q_442,Which film did Beyoncé star with Steve Martin in?,"[""The Pink Panther""]"
q_443,Beyoncé's role in Dreamgirls was based on what pop singer?,"[""Diana Ross.""]"
q_444,What was the lead single for the Dreamgirls soundtrack?,"[""Listen""]"
q_445,What was the name of Beyoncé's first international tour?,"[""The Beyoncé Experience""]"
q_446,What pop singer did a duet with Beyoncé on Beautiful Liar?,"[""Shakira""]"
q_447,Beyonce got married in 2008 to whom?,"[""Jay Z""]"
q_448,"Her third album, ""I am...Sasha Fierce"" was released when?","[""November 18, 2008""]"
q_449,"For which decade, did Beyonce have more top ten songs than any other woman?","[""2000s""]"
q_450,Which singer beat out Beyonce for best video performance?,"[""Taylor Swift""]"
q_451,"In 2009, Beyonce started her second world tour and grossed how much money?","[""119.5 million""]"
q_452,How did she reveal the marriage?,"[""in a video montage""]"
q_453,When did Beyonce begin her second world tour?,"[""March 2009""]"
q_454,Who beat out Beyonce for Best Female Video ?,"[""Taylor Swift""]"
q_455,How much did the second world tour make in dollars?,"[""119.5 million""]"
q_456,When did Beyoncé get married?,"[""April 4, 2008""]"
q_457,Who did Beyoncé marry?,"[""Jay Z.""]"
q_458,Who is Beyoncé's alter ego?,"[""Sasha Fierce""]"
q_459,The video for what song won Beyoncé the 2009 MTV Video of the Year award?,"[""Single Ladies""]"
q_460,Which prominent star felt the 2009 Female Video of the Year award should have went to Beyoncé instead of Taylor Swift?,"[""Kanye West""]"
q_461,"Beyonce portrayed which character in the film, Cadillac Records?","[""Etta James""]"
q_462,Beyonce gave her entire salary from Cadillac Records to which organization?,"[""Phoenix House""]"
q_463,Which song did Beyonce sing at the first couple's inaugural ball?,"[""At Last""]"
q_464,"What genre of film was the movie, Obsessed, in which Beyonce starred in?","[""thriller""]"
q_465,"A fight scene from the movie, Obsessed, won which award for Beyonce?","[""MTV Movie Award for Best Fight""]"
q_466,Where did Beyonce donate her salary from the movie Cadillac Records?,"[""Phoenix House""]"
q_467,What thriller film did Beyonce star in?,"[""Obsessed""]"
q_468,What was the name of the woman she played in Obsessed?,"[""Sharon Charles""]"
q_469,How much more that the buget did the film gross?,"[""60 million""]"
q_470,Which singer did Beyoncé portray in Cadillac Records?,"[""Etta James""]"
q_471,Which organization received Beyoncé's entire Cadillac Records salary?,"[""Phoenix House""]"
q_472,"Where did Beyoncé perform on January 20, 2009?","[""the First Couple's first inaugural ball.""]"
q_473,Which thriller film did Beyoncé star in with Ali Larter?,"[""Obsessed.""]"
q_474,How many awards was Beyonce nominated for at the 52nd Grammy Awards?,"[""ten""]"
q_475,Beyonce tied with which artist for most nominations by a female artist?,"[""Lauryn Hill""]"
q_476,"In 2010, Beyonce worked with which other famous singer?","[""Lady Gaga""]"
q_477,"How many number one singles did Beyonce now have after the song ""Telephone""?","[""six""]"
q_478,Beyonce tied who for most number one singles by a female?,"[""Mariah Carey""]"
q_479,Beyonce received how many nominations at the 52nd Annual Grammy Awards?,"[""ten nominations""]"
q_480,What song was the sixth first place song for Beyonce?,"[""Telephone""]"
q_481,Who else appeared with Beyonce in Telephone?,"[""Lady Gaga""]"
q_482,Who did they tie with for six top songs?,"[""Mariah Carey""]"
q_483,Who did Beyonce tie with for the most nominations in a year?,"[""Lauryn Hill""]"
q_484,How many nominations did Beyoncé receive at the 52nd Grammy Awards ceremony?,"[""ten""]"
q_485,Who did Beyoncé tie with for the most Grammy nominations for female artists?,"[""Lauryn Hill""]"
q_486,"Beyoncé was a featured artist on which singer's hit, Telephone?","[""Lady Gaga""]"
q_487,Who did Beyoncé and Lady Gaga tie with for the most number one hits since 1992?,"[""Mariah Carey""]"
q_488,Beyonce would take a break from music in which year?,"[""2010""]"
q_489,Which year did Beyonce and her father part business ways?,"[""2010""]"
q_490,Which famous landmark did Beyonce see in China?,"[""the Great Wall of China""]"
q_491,In what year did Beyonce have her hiatus?,"[""2010""]"
q_492,Who inspired this hiatus?,"[""her mother""]"
q_493,When did she stop using her father as a manager?,"[""During the break""]"
q_494,How long did the hiatus last?,"[""nine months""]"
q_495,What did Beyoncé announce in January 2010?,"[""a hiatus""]"
q_496,Who suggested the hiatus for Beyoncé?,"[""her mother""]"
q_497,Who did Beyoncé part ways with during her hiatus?,"[""her father""]"
q_498,How long did her hiatus last?,"[""nine months""]"
q_499,In which year was reports about Beyonce performing for Muammar Gaddafi surface?,"[""2011""]"
q_500,Who did Beyonce donate the money to earned from her shows?,"[""Clinton Bush Haiti Fund""]"
q_501,Beyonce became the first female artist to perform solo in 20 years at which stage?,"[""the 2011 Glastonbury Festival""]"
q_502,Which organization did Beyonce's spokespeople confirm her donations to?,"[""The Huffington Post""]"
q_503,Beyonce was listed in 2011 as the highest paid performer per what?,"[""minute""]"
q_504,Hoe did everyone learn that Beyonce performed for Kaddafi?,"[""documents obtained by WikiLeaks""]"
q_505,When did this leak happen?,"[""2011""]"
q_506,Who did she tell about the donation?,"[""The Huffington Post""]"
q_507,Where did Beyonce perform in 2011?,"[""Glastonbury Festival""]"
q_508,Who did Beyoncé perform privately for in 2011?,"[""Muammar Gaddafi.""]"
q_509,Who released the information about Beyoncé's performance for the Libyan ruler?,"[""WikiLeaks""]"
q_510,Which organization did Beyoncé donate her pay for the private performance to?,"[""Clinton Bush Haiti Fund.""]"
q_511,Beyoncé was the first female singer to headline what at the 2011 Glastonbury Festival?,"[""Pyramid stage""]"
q_512,Beyonce's fourth album debuted in what year?,"[""2011""]"
q_513,Which single had the most success from that album?,"[""Love on Top""]"
q_514,Beyonce won an award for which activity in 2011?,"[""writing""]"
q_515,"in 2011, Beyonce performed for four nights where?","[""New York's Roseland Ballroom""]"
q_516,When was Beyonce's forth album released?,"[""June 28, 2011""]"
q_517,How many copies did the album sell in its first week?,"[""310,000 copies""]"
q_518,Who awarded Beyonce and award for writing?,"[""New York Association of Black Journalists""]"
q_519,When did she perform at the Roseland ballroom?,"[""2011""]"
q_520,What is the name of Beyoncé's fourth studio album?,"[""4""]"
q_521,When was 4 released?,"[""June 28, 2011""]"
q_522,How many copies of 4 sold in the first week?,"[""310,000""]"
q_523,What magazine did Beyoncé write a story for about her earlier hiatus?,"[""Essence""]"
q_524,Where did Beyoncé perform for four nights of standing room only concerts in 2011?,"[""New York's Roseland Ballroom""]"
q_525,When did Beyonce have her first child?,"[""January 7, 2012""]"
q_526,Where did Beyonce give birth to her first child?,"[""Lenox Hill Hospital""]"
q_527,Beyonce's first child is named what?,"[""Blue Ivy Carter""]"
q_528,Her first appearance performing since giving birth was where?,"[""Revel Atlantic City's Ovation Hall""]"
q_529,When did Beyonce have her first child?,"[""January 7, 2012""]"
q_530,What was the child's name?,"[""Blue Ivy Carter""]"
q_531,How long was it after the birth of her child before she performed again?,"[""Five months""]"
q_532,How many nights did she perform at Atlantic City?,"[""four nights""]"
q_533,When did Beyoncé give birth to a daughter?,"[""January 7, 2012""]"
q_534,What did Beyoncé name her daughter?,"[""Blue Ivy Carter""]"
q_535,Where was Blue Ivy born?,"[""Lenox Hill Hospital in New York.""]"
q_536,Where was Beyoncé's first public performance after giving birth?,"[""Revel Atlantic City's Ovation Hall""]"
q_537,How many nights did Beyoncé play at the resort?,"[""four""]"
q_538,Destiny's Child released a compilation album about which topic?,"[""romance""]"
q_539,Beyonce's documentary movie was called what?,"[""Life Is But a Dream""]"
q_540,What did Beyonce sign in 2013?,"[""global publishing agreement""]"
q_541,"When did Destiny's Child release its album ""Love Songs""?","[""January 2013""]"
q_542,What was the title of the added track in Love Songs?,"[""Nuclear""]"
q_543,At whose inauguration did she perform the National Anthem?,"[""President Obama""]"
q_544,How many Tweets per minute did the half time show get?,"[""268,000 tweets per minute""]"
q_545,When did Destiny's Child release Love Songs?,"[""January 2013""]"
q_546,What was the new track for Love Songs?,"[""Nuclear""]"
q_547,What did Beyoncé sing at President Obama's second inauguration?,"[""the American national anthem""]"
q_548,What event did Beyoncé perform at one month after Obama's inauguration?,"[""Super Bowl XLVII halftime show""]"
q_549,What is the name of Beyoncé's documentary film?,"[""Life Is But a Dream""]"
q_550,"How many dates did Beyonce's ""The Mrs. Carter Show"" entail?","[""132""]"
q_551,One of Beyonce's most successful tours yet was which one?,"[""The Mrs. Carter Show""]"
q_552,"Beyonce wrote which song for the movie ""Epic""?","[""Rise Up""]"
q_553,Beyonce voiced a character in which animated film?,"[""Epic""]"
q_554,When did the tour begin?,"[""April 15""]"
q_555,Of what event was Beyonce honorary chair?,"[""2013 Met Gala""]"
q_556,What part did she voice for the movie Epic?,"[""Queen Tara""]"
q_557,What song did Beyonce record for the film Epic?,"[""Rise Up""]"
q_558,What was the name of Beyoncé's tour that she started on April 15?,"[""The Mrs. Carter Show World Tour""]"
q_559,How many dates did the Mrs. Carter Show World Tour have?,"[""132""]"
q_560,Which Amy Winehouse song did Beyoncé cover and release in May 2014?,"[""Back to Black""]"
q_561,Beyoncé was an honorary chair of the 2013 what?,"[""Met Gala.""]"
q_562,"Which character in the film, Epic, was voiced by Beyoncé?","[""Queen Tara""]"
q_563,Where did Beyonce release her 5th album to a huge surprise?,"[""the iTunes Store""]"
q_564,When did Beyonce get her fifth consecutive number one hit album?,"[""December 13, 2013""]"
q_565,Where was the album released?,"[""the iTunes Store""]"
q_566,Who joined Beyonce on her On The Run Tour?,"[""Jay Z""]"
q_567,Who reported Beyonce to e the top earning woman in music?,"[""Forbes""]"
q_568,How much more were her earnings that the year before?,"[""more than double her earnings""]"
q_569,When did Beyoncé release her fifth studio album?,"[""December 13, 2013""]"
q_570,How many digital copies of her fifth album did Beyoncé sell in six days?,"[""one million""]"
q_571,What song on Beyoncé's fifth studio album featured her husband?,"[""Drunk in Love""]"
q_572,What was the name of the tour featuring both Beyoncé and Jay Z?,"[""On the Run Tour.""]"
q_573,How many awards did Beyonce take home with her at the 57th Grammy Awards?,"[""three""]"
q_574,Which artist beat Beyonce out for Album of the year?,"[""Beck""]"
q_575,Which magazine did Beyonce pose on the cover for in August of 2015?,"[""Vogue""]"
q_576,Beyonce would perform with who at Superbowl 50?,"[""Coldplay""]"
q_577,Beyonce took home how many awards at the 57th Grammy Awards?,"[""three""]"
q_578,Beyonce lost to which artist for Album of the year?,"[""Beck""]"
q_579,Who did Beyonce perform next to during Superbowl 50?,"[""Coldplay""]"
q_580,"If Beyonce won three Grammies in 2015, how many was she nominated for?","[""six awards""]"
q_581,On what magazine was she the cover model?,"[""Vogue""]"
q_582,Who would she perform with at Superbowl 50?,"[""Coldplay""]"
q_583,With what British band did Beyonce perform on their album?,"[""Coldplay""]"
q_584,How many awards was Beyoncé nominated for at the 57th annual Grammys?,"[""six""]"
q_585,How many awards did Beyoncé win at the 57th Annual Grammys?,"[""three""]"
q_586,Beyoncé lost the Album of the Year award to which entertainer?,"[""Beck""]"
q_587,"Which magazine did Beyoncé pose for the cover, making her the first black female artist to do so?","[""Vogue""]"
q_588,Who did Beyonce perform with at Super Bowl 50?,"[""Coldplay""]"
q_589,"Beyonce released the song ""Formation"" on which online music service?","[""Tidal""]"
q_590,Beyonce's new single released before the super bowl was called what?,"[""Formation""]"
q_591,"What day did Beyonce release her single, Formation?","[""February 6, 2016""]"
q_592,How was the single released?,"[""exclusively""]"
q_593,What was the name of the streaming service?,"[""Tidal""]"
q_594,What kind of platform was the song released?,"[""music streaming""]"
q_595,When did Beyoncé release Formation?,"[""February 6, 2016""]"
q_596,"Where did Beyoncé exclusively release her single, Formation?","[""Tidal""]"
q_597,"As of April 2014, how many albums have Jay Z and Beyonce sold together?","[""300 million""]"
q_598,Where did Beyonce become pregnant?,"[""Paris""]"
q_599,"Beyonce described what as the ""hardest thing she had to endure""?","[""miscarriage""]"
q_600,Who did Beyonce have a relationship with?,"[""Jay Z""]"
q_601,When were Beyonce and Jay Z married?,"[""April 4, 2008""]"
q_602,Together how records have they sold ?,"[""300 million""]"
q_603,How did Beyonce deal with the miscarriage of her child?,"[""wrote music""]"
q_604,Where was Beyonce when she became pregnant?,"[""Paris""]"
q_605,"In which music video did Beyoncé star as Jay Z's girlfriend, creating speculation about their relationship?","[""'03 Bonnie & Clyde""]"
q_606,When were Beyoncé and Jay Z married?,"[""April 4, 2008""]"
q_607,How many records combined have Beyoncé and Jay Z sold?,"[""300 million""]"
q_608,What did Beyoncé describe as the saddest thing in her life?,"[""miscarriage""]"
q_609,Where did Beyoncé get pregnant?,"[""Paris.""]"
q_610,Jay Z and Beyonce attended which event together in August of 2011?,"[""MTV Video Music Awards""]"
q_611,Beyonce confirmed what after performing one of her songs?,"[""her pregnancy""]"
q_612,How many people watched the 2011 MTV Music Awards?,"[""12.4 million""]"
q_613,Where did she announce her pregnancy?,"[""2011 MTV Video Music Awards""]"
q_614,Why was the broadcast the most-watched in history?,"[""Her appearance""]"
q_615,What even was recorded in the Guinness World Records?,"[""most tweets per second""]"
q_616,"What was the most searched term in week of Aug 29, 2011?","[""Beyonce pregnant""]"
q_617,What song did she perform at the MTV Awards?,"[""Love on Top""]"
q_618,Where did Beyoncé announce her pregnancy?,"[""2011 MTV Video Music Awards""]"
q_619,What song did Beyoncé sing prior to announcing her pregnancy?,"[""Love on Top""]"
q_620,How many people watched the 2011 MTV Video Music Awards?,"[""12.4 million""]"
q_621,"What was the most searched term on Google for the week of August 29, 2011?","[""Beyonce pregnant""]"
q_622,Jay Z has a website called what?,"[""Lifeandtimes.com""]"
q_623,Which song by Jay Z talked about the pregnancy struggles?,"[""Glory""]"
q_624,What was the name of Beyonce's daughter?,"[""Blue Ivy Carter""]"
q_625,At what hospital was the baby delivered?,"[""Lenox Hill Hospital""]"
q_626,What was the named of the song dedicated to the child?,"[""Glory""]"
q_627,What does B.I.C. stand for?,"[""Blue Ivy Carter""]"
q_628,Who was credited for her cries on the song?,"[""B.I.C.""]"
q_629,When did Beyoncé give birth to her daughter?,"[""January 7, 2012""]"
q_630,What did Beyoncé and Jay Z name their daughter?,"[""Blue Ivy Carter""]"
q_631,What song did Jay Z release two days after Blue Ivy was born?,"[""Glory""]"
q_632,What is included at the end of Glory?,"[""Blue Ivy's cries""]"
q_633,How was Blue Ivy credited on Glory?,"[""B.I.C.""]"
q_634,Beyonce and Jay-Z went to a rally for the acquittal of whom?,"[""George Zimmerman""]"
q_635,Beyonce sang which song during the 2009 presidential inauguration?,"[""America the Beautiful""]"
q_636,How much did Beyonce raise for Obama at the 40/40 Club?,"[""4 million""]"
q_637,"What did she endorse on March 26, 2013?","[""same sex marriage""]"
q_638,What did they attend in July 2013?,"[""a rally""]"
q_639,What did she sing at the 2009 Presidential Inauguration?,"[""America the Beautiful""]"
q_640,What song did Beyoncé perform at the 2009 inauguration of Obama?,"[""America the Beautiful""]"
q_641,What song did Beyoncé perform at the first inaugural dance for the Obamas.,"[""At Last""]"
q_642,What social media platform did Beyoncé upload a picture of her paper ballot on?,"[""Tumblr""]"
q_643,"When did Beyoncé endorse on March 26, 2013?","[""same sex marriage""]"
q_644,Beyonce did an interview with which magazine and was asked about feminism?,"[""Vogue""]"
q_645,Beyonce supported which campaign that encourages leadership in girls?,"[""Ban Bossy campaign""]"
q_646,Where was Beyonce quoted as saying that she is a modern-day feminist?,"[""Vogue""]"
q_647,When did she say the she is a feminist?,"[""April 2013""]"
q_648,What campaign did she contribute to?,"[""Ban Bossy""]"
q_649,What song did she release in 2013 in response to a speech?,"[""Flawless""]"
q_650,What does Ban Bossy encourage?,"[""leadership in girls""]"
q_651,"Beyoncé used words from which Nigerian author in her song, Flawless?","[""Chimamanda Ngozi Adichie""]"
q_652,Which campaign does Beyoncé contribute to that encourages leadership in females?,"[""Ban Bossy""]"
q_653,Beyonce signed a letter with who in 2015?,"[""the ONE Campaign""]"
q_654,An important UN summit took place when?,"[""September 2015""]"
q_655,The letter Beyonce signed focused on what issue?,"[""women""]"
q_656,What had to be set in developing funding?,"[""priorities""]"
q_657,When did Beyonce sign a letter for ONE Campaign?,"[""2015""]"
q_658,To whom was the letter addressed?,"[""Angela Merkel and Nkosazana Dlamini-Zuma""]"
q_659,Who are these women?,"[""head of the G7 in Germany""]"
q_660,When will they meet?,"[""September 2015""]"
q_661,Who did Beyoncé sign a letter for in 2015?,"[""the ONE Campaign""]"
q_662,Who was the letter addressed to?,"[""Angela Merkel and Nkosazana Dlamini-Zuma""]"
q_663,What was Angela Merkel serving as in relation to the letter?,"[""the head of the G7 in Germany""]"
q_664,What did the letter want the two recipients to focus on?,"[""women""]"
q_665,Beyonce along with Jay Z met with whom's family after their death?,"[""Freddie Gray""]"
q_666,Beyonce with Jay Z gave lots of money to bail who out of prison?,"[""protesters""]"
q_667,Who's death caused this protest?,"[""Freddie Gray""]"
q_668,How much bail money did they spend?,"[""thousands of dollars""]"
q_669,Beyonce beat out which musical artists for most paid between June 2007 and June 2008?,"[""Madonna and Celine Dion""]"
q_670,Beyonce and Jay Z got a Guinness World record for what in 2009?,"[""highest-earning power couple""]"
q_671,Beyonce became the highest-paid black musician in which year?,"[""2014""]"
q_672,"Up until May of 2015, how much is Beyonce's total worth?","[""250 million""]"
q_673,"Between 2008 and 2009, which entertainers did Beyonce beat in earnings?","[""Madonna and Celine Dion""]"
q_674,In 2012 who placed Beyonce at 16 in the Celebrity List?,"[""Forbes""]"
q_675,When did she and Jay Z become the highest paid black celebrity couple?,"[""2011""]"
q_676,How much did she earn in 2014?,"[""115 million""]"
q_677,What is Beyonce's net worth in 2015?,"[""250 million""]"
q_678,"Who began reporting Beyoncé's annual earnings, starting in 2008?","[""Forbes""]"
q_679,"When did Beyoncé become the highest paid black musician, ever?","[""April 2014.""]"
q_680,Who predicted that Beyoncé would become the highest paid black entertainer?,"[""MTV""]"
q_681,When did Jay Z and Beyoncé become the first music couple worth over a billion dollars?,"[""2013""]"
q_682,Beyonce's range in singing is how many octaves?,"[""four""]"
q_683,who talked about Beyonce's tone and timbre as distinctive?,"[""Jody Rosen""]"
q_684,"Which critic called Beyonce's voice ""versatile""?","[""The Daily Mail""]"
q_685,Which era was credited to have influenced Beyonce's singing style by Jody Rosen?,"[""hip hop""]"
q_686,How many octaves does Beyonce have?,"[""four octaves""]"
q_687,What did the Daily Mail say about Beyonce's voice?,"[""versatile""]"
q_688,What does Rosen claim influenced Beyonce's style?,"[""hip hop""]"
q_689,What do other critics claim?,"[""praise her range and power""]"
q_690,How many octaves does Beyoncé's voice span?,"[""four""]"
q_691,Why is Beyoncé known as the centerpiece of Destiny's Child?,"[""Her vocal abilities""]"
q_692,New York Times' Jon Pareles calls Beyoncé's voice velvety yet what?,"[""tart""]"
q_693,What does Jody Rosen say influenced Beyoncé's vocal style?,"[""the hip hop era""]"
q_694,Music from Beyonce is generally categorized as what genre?,"[""R&B""]"
q_695,"Besides R&B, which genres does Beyonce dabble in?","[""pop, soul and funk""]"
q_696,"Beyonce mostly releases English songs, but what other language did she release songs?","[""Spanish""]"
q_697,Spanish songs Beyonce released were for what?,"[""re-release of B'Day""]"
q_698,Beyonce was coached for her Spanish songs by which American?,"[""Rudy Perez""]"
q_699,What kind of music does Beyonce do?,"[""R&B""]"
q_700,What language does she mainly sing?,"[""English""]"
q_701,What other language has she sung?,"[""Spanish""]"
q_702,What album did she re-release in Spanish?,"[""B'Day""]"
q_703,What style of music does Beyoncé usually perform?,"[""R&B""]"
q_704,What language did Beyoncé release several songs in?,"[""Spanish""]"
q_705,Who coached Beyoncé for her Spanish recordings?,"[""Rudy Perez.""]"
q_706,What album did the Spanish songs come from?,"[""B'Day.""]"
q_707,Beyonce does not create which aspect of her music?,"[""beats""]"
q_708,An example of a song aimed towards a male audience is what?,"[""Cater 2 U""]"
q_709,What theme was Beyonce's early music?,"[""female-empowerment""]"
q_710,With Jay Z what were her new themes?,"[""man-tending anthems""]"
q_711,What does she get credits for in her music?,"[""co-producing credits""]"
q_712,What part of production does she do?,"[""melodies""]"
q_713,Beyoncé's early recordings empowered who?,"[""Women""]"
q_714,"In addition to co-writing credits, Beyoncé also got what credits for most of her albums?","[""co-producing""]"
q_715,"Rather than beats, what two things does Beyoncé usually come up with for producers?","[""melodies and ideas""]"
q_716,Pop Songwriter of the Year award in 2001 was awarded to whom?,"[""Beyoncé""]"
q_717,Beyonce received the Pop Songwriter of the Year award at which event?,"[""American Society of Composers, Authors, and Publishers Pop Music Awards""]"
q_718,Beyonce has the same number of writing credits on number one singles as whom?,"[""Diane Warren""]"
q_719,Beyonce joined 2 other women on what list from Billboard magazine in 2011?,"[""Top 20 Hot 100 Songwriters""]"
q_720,When did Beyonce become the first African American woman to win Pop songwriter of the year?,"[""2001""]"
q_721,What place is she tied for in songwriting credits?,"[""third""]"
q_722,Who listed her at number 17 in their list of Top 20 hot 100 Songwriters?,"[""Billboard magazine""]"
q_723,Where does she place in writing credits for three number one songs?,"[""third woman""]"
q_724,"What did Beyoncé win in 2001, making her the first black woman to do so?","[""Pop Songwriter of the Year award""]"
q_725,Who gave Beyoncé the Pop Songwriter of the Year award in 2001?,"[""the American Society of Composers, Authors, and Publishers Pop Music Awards.""]"
q_726,"Beyoncé was one of how many women on Billboard magazine's 2011 ""Top 20 Hot 100 Songwriters"" list.","[""three""]"
q_727,What number was Beyoncé on the Top 20 Hot 100 Songwriters list?,"[""17""]"
q_728,To whom did Beyonce credit as her major influence on her music?,"[""Michael Jackson""]"
q_729,How old was Beyonce when she went to her first Michael Jackson concert as a kid?,"[""five""]"
q_730,Beyonce gave a tribute award to who in 2006?,"[""Michael Jackson""]"
q_731,Beyonce cites Mariah Carey to making her want to start doing what?,"[""vocal runs""]"
q_732,Who influenced Beyonce?,"[""Michael Jackson""]"
q_733,What song by Mariah Carey influenced her?,"[""Vision of Love""]"
q_734,Who is Beyoncé's biggest musical influence?,"[""Michael Jackson""]"
q_735,What was Beyoncé's first concert?,"[""Michael Jackson""]"
q_736,Who does Beyoncé feel is an all-around entertainer?,"[""Diana Ross""]"
q_737,"Who does she credit for the inspiration to ""get up there and do what she did""?","[""Whitney Houston""]"
q_738,What song caused Beyoncé to practice runs as a child?,"[""Vision of Love""]"
q_739,What themes were influenced by her acting role in Dreamgirls?,"[""feminism and female empowerment""]"
q_740,"Which singer did Beyonce honor by entertaining with her song ""Deja Vu""?","[""Josephine Baker""]"
q_741,Who motivated Beyonce to explore other areas of music?,"[""Etta James""]"
q_742,What movie influenced Beyonce towards empowerment themes?,"[""Dreamgirls""]"
q_743,How did Etta James influence her?,"[""boldness""]"
q_744,Where did she perform wearing Baker's hula skirt?,"[""2006 Fashion Rocks concert""]"
q_745,What singer inspired Beyoncé's B'Day album?,"[""Josephine Baker.""]"
q_746,What song did Beyoncé sing at a 2006 concert to honor Josephine Baker?,"[""Déjà Vu""]"
q_747,"Beyonce has noted which first lady with saying ""She proves you can do it all""?","[""Michelle Obama""]"
q_748,Which month and year did Beyonce credit Madonna for inspiring her to take control of her career?,"[""February 2013""]"
q_749,"Beyonce has said that who embodies the ""definition of inspiration and a strong woman""?","[""Oprah Winfrey""]"
q_750,Who personally influences Beyonce?,"[""Michelle Obama""]"
q_751,Hoe does she describe Oprah Winfrey?,"[""a strong woman""]"
q_752,How does she describe Jean- Michel Basquiat?,"[""lyrical and raw""]"
q_753,How does Madonna influence her?,"[""to take control of her own career""]"
q_754,How does she describe Jay Z?,"[""continuing inspiration""]"
q_755,"Who inspires Beyoncé because ""she does it all?""","[""First Lady Michelle Obama""]"
q_756,Who does Beyoncé describe as the definition of inspiration?,"[""Oprah Winfrey""]"
q_757,Who does Beyoncé describe as lyrical and raw?,"[""Jean-Michel Basquiat""]"
q_758,Who inspired Beyoncé to take control of her career?,"[""Madonna""]"
q_759,Beyonce had an all-female tour band whose name was what?,"[""Suga Mama""]"
q_760,Beyonce had singers in the background known by the name as?,"[""The Mamas""]"
q_761,The Mamas members included which 3 musicians?,"[""Montina Cooper-Donnell, Crystal Collins and Tiffany Moniqué Riddick""]"
q_762,The Mamas first appearance was when?,"[""2006""]"
q_763,What band did Beyonce introduce in 2006?,"[""Suga Mama""]"
q_764,What song name does the band Suga Mama and a song on the B'Day album share?,"[""Suga Mama""]"
q_765,Where did Suga Mama band make their first appearance?,"[""2006 BET Awards""]"
q_766,What band supports Beyonce in her tours?,"[""Suga Mama""]"
q_767,What is the name of Beyoncé's female tour band?,"[""Suga Mama""]"
q_768,Suga Mama is also a song on which Beyoncé album?,"[""B'Day""]"
q_769,What are Beyoncé's backup singers called?,"[""The Mamas""]"
q_770,When did The Mamas make their debut?,"[""the 2006 BET Awards""]"
q_771,What characteristics has Beyonce received acclaim for?,"[""stage presence and voice""]"
q_772,Which former president of Def Jam called Beyonce the greatest entertainer alive?,"[""L.A. Reid""]"
q_773,For what does Beyonce receive praise?,"[""stage presence""]"
q_774,Who chose her as number one on his list of Best singers/ Dancers?,"[""Jarett Wieselman""]"
q_775,How has L.A. Reid described her?,"[""greatest entertainer alive""]"
q_776,How does Alice Jones describe her?,"[""she's almost too good""]"
q_777,Who has Beyoncé at number one on her Five Best Singer/Dancers?,"[""Jarett Wieselman""]"
q_778,Who has said that Beyoncé is the best entertainer alive?,"[""L.A. Reid""]"
q_779,Beyonce self proclaimed alter ego is named what?,"[""Sasha Fierce""]"
q_780,Her alter ego was born when according to Beyonce?,"[""making of \""Crazy in Love\""""]"
q_781,What year did Beyonce do away with Sasha Fierce?,"[""2010""]"
q_782,Beyonce brought back Sasha Fierce during which event?,"[""Revel Presents: Beyoncé Live""]"
q_783,How does she describe Sasha?,"[""too aggressive, too strong""]"
q_784,Later what did she say about Sasha?,"[""she would bring her back""]"
q_785,What is the name of Beyoncé's alter ego?,"[""Sasha Fierce.""]"
q_786,When did Beyoncé introduce Sasha Fierce?,"[""2008""]"
q_787,Sasha Fierce was created during the making of what song?,"[""Crazy in Love""]"
q_788,Who did Beyoncé tell in February 2010 that Sasha Fierce was no longer needed?,"[""Allure magazine""]"
q_789,Beyonce's sex appeal is characterized as what?,"[""wide-ranging""]"
q_790,"Which music journalist described Beyonce as a ""crossover sex symbol?""","[""Touré""]"
q_791,Which word spawned from a term used to describe Beyonce in 2006?,"[""Bootylicious""]"
q_792,Bootylicious was a song from which act that Beyonce performed with?,"[""Destiny's Child""]"
q_793,Oxford Dictionary added which word from the 2000s dedicated to Beyonce?,"[""Bootylicious""]"
q_794,What word is often used to describe Beyonce/,"[""Bootylicious""]"
q_795,When was the term added to the dictionary?,"[""2006""]"
q_796,"What journalist wrote that Beyoncé was a ""sex symbol""?","[""Touré""]"
q_797,"Because of Beyoncé's physical shape, what slang term has been used to describe her?","[""Bootylicious""]"
q_798,In what year was the slang term from a title of a Destiny's Child song that is also used to describe Beyoncé put in the dictionary?,"[""2006""]"
q_799,How does Beyoncé say she likes to dress off-stage?,"[""sexily""]"
q_800,"in September 2010, what career area did Beyonce start exploring?","[""modelling""]"
q_801,Beyonce's first modelling event was at where?,"[""Tom Ford's Spring/Summer 2011 fashion show""]"
q_802,"""World's Most Beautiful woman"" was declared to Beyonce by which national magazine?","[""People""]"
q_803,Which month and year did GQ feature Beyonce on its cover?,"[""January 2013""]"
q_804,What TV network listed Beyonce as number 1 on its 100 Sexiest Artists list?,"[""VH1""]"
q_805,Who called Beyonce the World's most Beautiful Woman?,"[""People""]"
q_806,Who called her Hottest Female Singer of all Time?,"[""Complex""]"
q_807,When did she appear on the cover of GQ?,"[""2013""]"
q_808,VH1 listed her at what number on their 100 Sexiest Artists list?,"[""number 1""]"
q_809,What year did Beyoncé first model for Tom Ford?,"[""2010""]"
q_810,"What magazine said Beyoncé was the ""World's Most Beautiful Woman""?","[""People""]"
q_811,What title did Complex award Beyoncé?,"[""Hottest Female Singer of All Time""]"
q_812,What museum has made several models of Beyoncé in wax?,"[""Madame Tussauds Wax Museums""]"
q_813,Which parent of Beyonce's help co-write a book?,"[""Her mother""]"
q_814,Which African-American woman before Beyonce had posed for SI Swimsuit issue?,"[""Tyra Banks""]"
q_815,What was the title of Beyonce's mother's book?,"[""Destiny's Style""]"
q_816,When was she on the Sports Illustrated cover?,"[""2007""]"
q_817,Who was she the second African American on the cover after?,"[""Tyra Banks""]"
q_818,"Beyoncé was the second African American woman featured as a swimsuit cover on the magazine, who was first?","[""Tyra Banks""]"
q_819,"What magazine said Beyoncé was the ""best-dressed celebrity""?","[""People""]"
q_820,Beyonce has a fan base that is referred to as what?,"[""The Bey Hive""]"
q_821,"Before the Bey Hive, fans of Beyonce were called what?","[""The Beyontourage""]"
q_822,Which social media company proclaimed Beyonce fans are know as the Bey Hive?,"[""Twitter""]"
q_823,What is Beyonce's fan base called?,"[""Bey Hive""]"
q_824,What did the fans used to be called?,"[""Beyontourage""]"
q_825,What is the latest term used to describe Beyoncé fans?,"[""Bey Hive""]"
q_826,What was the former word given to Beyoncé fans?,"[""Beyontourage""]"
q_827,"What word does ""Bey Hive"" derive from?","[""beehive""]"
q_828,Beyonce has a clothing line known as what?,"[""House of Deréon""]"
q_829,Which French magazine did Beyonce show up on the cover of?,"[""L'Officiel""]"
q_830,Beyonce was seen wearing what on the french magazine that caused controversy?,"[""blackface and tribal makeup""]"
q_831,Which year did PETA spark controversy with Beyonce?,"[""2006""]"
q_832,What did PETA criticize Beyonce for in 2006?,"[""for wearing and using fur""]"
q_833,What French Magazine cover did the media criticize?,"[""L'Officiel""]"
q_834,How was she dressed on the cover of L'Officiel?,"[""in blackface and tribal makeup""]"
q_835,What French magazine did Beyoncé appear in wearing blackface and tribal makeup?,"[""L'Officiel""]"
q_836,What clothing line of Beyoncé drew PETA criticism?,"[""House of Deréon.""]"
q_837,What type of magazine is L'Officiel?,"[""French fashion magazine""]"
q_838,Which racial community gave criticism to Beyonce?,"[""African-American""]"
q_839,Which professor from Northeastern University wrote about how race correlates with these criticisms of Beyonce?,"[""Emmett Price""]"
q_840,Which company was accused of coloring Beyonce's hair?,"[""L'Oréal""]"
q_841,What did Vogue request?,"[""natural pictures be used""]"
q_842,How did L'Oreal respond to accusations of changing pictures?,"[""it is categorically untrue""]"
q_843,"In addition to her light skin color, what else has made part of the African American community criticize Beyoncé?","[""costuming""]"
q_844,"In 2007, which music professor said he believes this criticism does involve race as well?","[""Emmett Price""]"
q_845,Who was accused of lightening Beyoncé's skin for an advertisement?,"[""L'Oréal""]"
q_846,What advertisement was Beyoncé's skin supposedly lightened in?,"[""Feria hair color advertisements""]"
q_847,Who did Beyoncé tell in 2013 to only use natural pictures of her rather than retouched images?,"[""H&M""]"
q_848,Artist of the Decade was bestowed upon Beyonce from which magazine?,"[""The Guardian""]"
q_849,Whats the first year that Beyonce appear on the Time 100 list?,"[""2013""]"
q_850,Beyonce than appeared again on the Time 100 list in what year?,"[""2014""]"
q_851,What did the Guardian name her?,"[""Artist of the Decade""]"
q_852,When did Beyonce first make the Time 100 List?,"[""2013""]"
q_853,When was she again on the Time 100 List and on the cover?,"[""2014""]"
q_854,Who said that she is the reigning national voice?,"[""Baz Luhrmann""]"
q_855,Who stated that Beyoncé is the most important musician of the 21st century?,"[""Jody Rosen""]"
q_856,Which publication named Beyoncé the Artist of the Decade?,"[""The Guardian""]"
q_857,What list did Beyoncé make in 2013?,"[""Time 100 list""]"
q_858,Who said Beyoncé is the heir-apparent diva of the United States?,"[""Baz Luhrmann""]"
q_859,What year was Beyoncé featured both on the Time 100 list as well as the cover of the issue?,"[""2014""]"
q_860,Which rock band cited Beyonce on their third album?,"[""White Rabbits""]"
q_861,"Which friend learned from Beyonce while preparing for the film, ""Country Strong?""","[""Gwyneth Paltrow""]"
q_862,Nicky Minaj became a spokesperson for which brand of soda after seeing Beyonce involved with it?,"[""Pepsi""]"
q_863,What influenced Nicki Minaj to join the Pepsi global campaign?,"[""Beyoncé's Pepsi commercial""]"
q_864,Which band listed Beyonce as an inspiration on their latest album?,"[""White Rabbits""]"
q_865,What about Beyonce has influenced many entertainers?,"[""work""]"
q_866,For what film was Paltrow studying Beyonce ?,"[""Country Strong""]"
q_867,Which Indie band said Beyoncé was an inspiration for one of hteir albums?,"[""White Rabbits""]"
q_868,What was the name of the White Rabbits' album?,"[""Milk Famous""]"
q_869,Who studied Beyoncé during live concerts for research for a film's music role?,"[""Gwyneth Paltrow""]"
q_870,What was the name of the film that Gwyneth Paltrow starred in as a musician?,"[""Country Strong.""]"
q_871,Beyoncé's Pepsi commercial inspired which star to join Pepsi's global campaign in 2012?,"[""Nicki Minaj""]"
q_872,"VH1 declared what song the ""Greatest song of the 2000s?""","[""Crazy in Love""]"
q_873,"How many Grammy awards did ""Crazy in Love"" win?","[""two""]"
q_874,How many did Crazy in Love sell to become one of the greatest selling singles in history?,"[""8 million""]"
q_875,What type of organism was named after Beyonce in 2012?,"[""fly""]"
q_876,A place for Beyonce in the Rock and Roll Hall of fame was awarded when?,"[""July 2014""]"
q_877,Which of Beyonce's songs was called Greatest Song of the 2000s?,"[""Crazy in Love""]"
q_878,How many Grammy awards did Crazy in Love get?,"[""earned two Grammy Awards""]"
q_879,How many copies did Crazy in Love sell?,"[""around 8 million copies""]"
q_880,Who released the single Girls Love Beyonce?,"[""Drake""]"
q_881,Which publication considers Crazy in Love to be one of the top 500 songs of all time?,"[""Rolling Stone""]"
q_882,"Who sang ""Girls Love Beyoncé"" in 2013?","[""Drake""]"
q_883,What did Bryan Lessard name after Beyoncé?,"[""a species of horse fly""]"
q_884,How many copies of her albums as Beyonce sold in the US?,"[""15 million""]"
q_885,"Totaling worldwide, how many records as Beyonce sold?","[""118 million""]"
q_886,How many certifications was Beyonce awarded by the RIAA?,"[""64""]"
q_887,"When Beyonce was with Destiny's Child, how many albums did she manage to sell?","[""60 million""]"
q_888,Who was the first female to achieve the International Artist Award at the American Music Awards?,"[""Beyoncé""]"
q_889,How many albums has Beyonce as a solo artist sold in the U.S?,"[""15 million""]"
q_890,How many has she sold worldwide?,"[""118 million""]"
q_891,How many records has she sold with Destiny's Child?,"[""60 million""]"
q_892,When did she receive the Legend Award?,"[""2008 World Music Awards""]"
q_893,How many music certifications has she received in the 2000s?,"[""64 certifications""]"
q_894,How many records has Beyoncé sold in the United States?,"[""over 15 million""]"
q_895,How many records has Beyoncé sold throughout the world?,"[""over 118 million""]"
q_896,Who cited Beyoncé as being the top certified artist of the 2000s?,"[""The Recording Industry Association of America""]"
q_897,How many certifications did RIAA give Beyoncé?,"[""64""]"
q_898,When did Beyoncé receive the Legend Award?,"[""the 2008 World Music Awards""]"
q_899,How many Grammys has Beyonce won total with and without Destiny's Child?,"[""20""]"
q_900,Who is the only other woman with more Grammy awards than Beyonce?,"[""Alison Krauss""]"
q_901,Beyonce has been awarded how many Grammy nominations?,"[""52""]"
q_902,Beyonce holds the record for how many wins in one night by a female?,"[""six""]"
q_903,How many awards at the Broadcast Film Critics Association Awards in 2006 did Beyonce bring home?,"[""two""]"
q_904,How many Grammies has Beyonce won?,"[""20 Grammy Awards""]"
q_905,How many Grammy nominations does Beyonce have?,"[""52 nominations""]"
q_906,When did she set the record for most Grammy awards won in one night?,"[""2010""]"
q_907,Who tied her record for most Grammies won in one night in 2012?,"[""Adele""]"
q_908,How many Grammys has Beyoncé won?,"[""20""]"
q_909,How many Grammy nominations has Beyoncé had?,"[""52""]"
q_910,What Beyoncé song was song of the year on 2010?,"[""\""Single Ladies (Put a Ring on It)\""""]"
q_911,What movie had Beyoncé nominated as Best Actress for Golden Globe Awards?,"[""Dreamgirls""]"
q_912,Which soda company has Beyonce partnered with since 2002?,"[""Pepsi""]"
q_913,Pepsi paid Beyonce how much in 2012 for her endorsement?,"[""50 million""]"
q_914,Which organization wrote a letter to Beyonce after her Pepsi endorsement deal?,"[""The Center for Science in the Public Interest (CSPINET)""]"
q_915,What percentage of people were positive about Beyonce's endorsement of Pepsi?,"[""70""]"
q_916,When did Beyonce begin doing Pepsi advetisments?,"[""2002""]"
q_917,Who was in the commercial with Beyonce in 2004?,"[""Britney Spears, Pink, and Enrique Iglesias""]"
q_918,What did she agree to do for 50 million dollars in 2012?,"[""endorse Pepsi""]"
q_919,Who sent her a letter asking that she reconsider the Pepsi deal?,"[""Center for Science in the Public Interest""]"
q_920,What soft drink company has Beyoncé worked with since 2002?,"[""Pepsi""]"
q_921,How much did Beyoncé get for a deal with a soft drink company in 2012?,"[""$50 million""]"
q_922,Who asked her to change her mind about the soft drink deal due to the nature of the product?,"[""The Center for Science in the Public Interest (CSPINET)""]"
q_923,What organization discovered that the advertisements Beyoncé did for the soft drink company were 70% positive?,"[""NetBase""]"
q_924,"Beyonce worked with who on her perfumes, True Star and True Star Gold?","[""Tommy Hilfiger""]"
q_925,The world's best selling celebrity perfume line belongs to whom?,"[""Beyoncé""]"
q_926,Beyonce's first fragrance had what name?,"[""Heat""]"
q_927,The Mrs. Carter Show Limited Edition was released in what year?,"[""2013""]"
q_928,How much money did The Mrs. Carter Show Limited Edition fragrance make?,"[""400 million""]"
q_929,What was Beyonce's 2010 perfume called?,"[""Heat""]"
q_930,"When was her second perfume, Heat Rush, released?","[""2011""]"
q_931,What was Beyonce's third perfume named?,"[""Pulse""]"
q_932,How many editions of Heat have been launched?,"[""six editions""]"
q_933,Which Emporio Armani fragrance did Beyoncé promote in 2007?,"[""Diamonds""]"
q_934,What year did Beyoncé introduce her first fragrance?,"[""2010.""]"
q_935,What was Beyoncé's first fragrance called?,"[""Heat""]"
q_936,How many editions of Heat exist?,"[""six""]"
q_937,How young was Beyonce when she acquired deals from American Express and L'Oreal?,"[""18""]"
q_938,What was the name of the video game that was cancelled for Beyonce?,"[""Starpower: Beyoncé""]"
q_939,When did Beyonce begin her deals with name brands?,"[""since the age of 18""]"
q_940,How many people lost jobs when Beyonce left the video game deal?,"[""70 staff""]"
q_941,How was the suit settled?,"[""out of court""]"
q_942,What was the name of the video game?,"[""Starpower: Beyoncé""]"
q_943,What video game did Beyoncé back out of?,"[""Starpower: Beyoncé""]"
q_944,What company was producing the video game?,"[""GateFive""]"
q_945,How many people lost their jobs over Beyoncé backing out of the deal?,"[""70""]"
q_946,When was the disagreement settled out of court?,"[""June 2013""]"
q_947,Who did Bayonce's management go into business with in 2014?,"[""fashion retailer Topshop""]"
q_948,"After their agreement together, Beyonce's and Topshop"" new business was called what?","[""Parkwood Topshop Athletic Ltd""]"
q_949,What type of clothing does Parkwood Topshop Athletic Ltd produce?,"[""activewear""]"
q_950,The company and products were set to be in stores when?,"[""fall of 2015""]"
q_951,Who did Beyonce partner with in London?,"[""Topshop""]"
q_952,When will the new line launch?,"[""2015""]"
q_953,What is the name of Beyoncé's management company?,"[""Parkwood Entertainment""]"
q_954,Who did Beyoncé and Parkwood Entertainment partner with in October 2014?,"[""Topshop""]"
q_955,Where is Topshop located?,"[""London""]"
q_956,What was the new division of Topshop because of the partnership?,"[""activewear""]"
q_957,"When was it discovered Beyonce was a co-owner of the music service, Tidal?","[""March 30, 2015""]"
q_958,The parent company of Tidal became under the ownership of whom in 2015?,"[""Jay Z""]"
q_959,When was it announced that Beyonce was a co-owner in Tidal?,"[""March 30, 2015""]"
q_960,What kind of service is Tidal?,"[""music streaming service""]"
q_961,What is a criticism of other streaming services?,"[""low payout of royalties""]"
q_962,What music streaming system is Beyoncé part owner of?,"[""Tidal.""]"
q_963,What is the parent company of the music service Beyoncé owns part of?,"[""Aspiro""]"
q_964,Who acquired the parent company of the music service Beyoncé owns part of?,"[""Jay Z""]"
q_965,What music service is accused of providing low royalty amounts?,"[""Spotify""]"
q_966,House of Dereon became known through Beyonce and which of Beyonce's relatives?,"[""her mother""]"
q_967,Beyonce's grandma's name was?,"[""Agnèz Deréon""]"
q_968,Beyonce's family's company name is what?,"[""Beyond Productions""]"
q_969,What types of garments are sold by Beyonce's clothing line?,"[""sportswear, denim offerings with fur, outerwear and accessories that include handbags and footwear""]"
q_970,Which two countries can you purchase Beyonce's clothing line?,"[""US and Canada""]"
q_971,"Who partnered with Beyonce to start the clothing line, Dereon?","[""her mother""]"
q_972,When did Beyonce and her mother start Dereon?,"[""2005""]"
q_973,Who was the business named for in Beyonce's family?,"[""grandmother, Agnèz Deréon""]"
q_974,Where were items from the clothing line displayed?,"[""in Destiny's Child's shows and tours""]"
q_975,Who shares in the House of Deréon fashion line introduction with Beyoncé?,"[""her mother""]"
q_976,What is the name of the House of Deréon junior collection?,"[""Deréon.""]"
q_977,What type of accessory company did Beyonce partner with in 2005?,"[""shoe""]"
q_978,"In 2010, Beyonce released Dereon to what country?","[""Brazil""]"
q_979,Back-to-school shopping was introduced in what year of Beyonce's clothing line?,"[""2009""]"
q_980,What did Beyonce's Fashion Diva feature?,"[""House of Deréon collection""]"
q_981,What new idea did Beyonce and her mother launch in 2009?,"[""Sasha Fierce for Deréon""]"
q_982,When did Beyonce partner with C&A to sell fashion in Brazil?,"[""May 27, 2010""]"
q_983,What company did Beyoncé get together with in 2005 to add shoes to her fashions?,"[""House of Brands""]"
q_984,What was the name of the game put out by Starwave Mobile in 2008 that featured Beyoncé fashions?,"[""Beyoncé Fashion Diva""]"
q_985,What was the name of the junior fashions launched in 2009 by Beyoncé and her mother?,"[""Sasha Fierce for Deréon""]"
q_986,Who did Beyoncé team up with in 2010 to get her fashions into Brazil?,"[""C&A""]"
q_987,Sasha Fierce for Deréon fashions were sold at stores that included Macy's and what other store?,"[""Dillard's""]"
q_988,"Beyonce, during October 2014, partnered with whom to produce an outdoor line of clothing?","[""Topshop""]"
q_989,Beyonce and Topshops first products were to be sold in stores when?,"[""autumn 2015""]"
q_990,What is the new business called?,"[""Parkwood Topshop Athletic Ltd""]"
q_991,What is Beyonce's percentage of ownership in the new venture?,"[""50""]"
q_992,When will the full line appear?,"[""April 2016""]"
q_993,What company did Beyoncé contract with to sell clothing in England?,"[""Topshop""]"
q_994,What is the name of the equal partnership's fashion line between Beyoncé and the British company to come out in 2016?,"[""Parkwood Topshop Athletic Ltd""]"
q_995,What type of clothing does the British partnership with Beyoncé sell?,"[""activewear""]"
q_996,What national disaster caused Beyonce to create the Survivor Foundation?,"[""Hurricane Katrina""]"
q_997,"How much cash did Beyonce put into the venture, the Survivor Foundation at startup?","[""250,000""]"
q_998,What hurricane years later after Katrina did the organization provide support for?,"[""Ike""]"
q_999,What did Beyonce and Rowland found in 2005?,"[""the Survivor Foundation""]"
