qid,question
q_0,To whom did the Virgin Mary allegedly appear in 1858 in Lourdes France?
q_1,What is in front of the Notre Dame Main Building?
q_2,The Basilica of the Sacred heart at Notre Dame is beside to which structure?
q_3,What is the Grotto at Notre Dame?
q_4,What sits on top of the Main Building at Notre Dame?
q_5,When did the Scholastic Magazine of Notre dame begin publishing?
q_6,How often is Notre Dame's the Juggler published?
q_7,What is the daily student paper at Notre Dame called?
q_8,How many student news papers are found at Notre Dame?
q_9,In what year did the student paper Common Sense begin publication at Notre Dame?
q_10,Where is the headquarters of the Congregation of the Holy Cross?
q_11,What is the primary seminary of the Congregation of the Holy Cross?
q_12,What is the oldest structure at Notre Dame?
q_13,What individuals live at Fatima House at Notre Dame?
q_14,Which prize did Frederick Buechner create?
q_15,How many BS level degrees are offered in the College of Engineering at Notre Dame?
q_16,In what year was the College of Engineering at Notre Dame formed?
q_17,Before the creation of the College of Engineering similar studies were carried out at which Notre Dame college?
q_18,How many departments are within the Stinson-Remick Hall of Engineering?
q_19,The College of Science began to offer civil engineering courses beginning at what time at Notre Dame?
q_20,What entity provides help with the management of time for new students at Notre Dame?
q_21,How many colleges for undergraduates are at Notre Dame?
q_22,What was created at Notre Dame in 1962 to assist first year students?
q_23,"Which organization declared the First Year of Studies program at Notre Dame ""outstanding?"""
q_24,The granting of Doctorate degrees first occurred in what year at Notre Dame?
q_25,What type of degree is an M.Div.?
q_26,Which program at Notre Dame offers a Master of Education degree?
q_27,In what year was a Master of Arts course first offered at Notre Dame?
q_28,Which department at Notre Dame is the only one to not offer a PhD program?
q_29,What institute at Notre Dame studies the reasons for violent conflict?
q_30,What is the title of Notre Dame's Theodore Hesburgh?
q_31,In what year was the Joan B. Kroc Institute for International Peace Studies founded?
q_32,To whom was John B. Kroc married?
q_33,What company did Ray Kroc own?
q_34,How many stories tall is the main library at Notre Dame?
q_35,What is the name of the main library at Notre Dame?
q_36,In what year was the Theodore M. Hesburgh Library at Notre Dame finished?
q_37,Which artist created the mural on the Theodore M. Hesburgh Library?
q_38,What is a common name to reference the mural created by Millard Sheets at Notre Dame?
q_39,How many incoming students did Notre Dame admit in fall 2015?
q_40,What percentage of students were admitted to Notre Dame in fall 2015?
q_41,Where does Notre Dame rank in terms of academic profile among research universities in the US?
q_42,What percentage of students at Notre Dame participated in the Early Action program?
q_43,How many miles does the average student at Notre Dame travel to study there?
q_44,Where did U.S. News & World Report rank Notre Dame in its 2015-2016 university rankings?
q_45,Forbes.com placed Notre Dame at what position compared to other US research universities?
q_46,The undergrad school at the Mendoza College of Business was ranked where according to BusinessWeek?
q_47,In 2014 what entity named Notre Dame 10th best of all American universities?
q_48,What percentage of Notre Dame students decide to study abroad?
q_49,What person was the Director of the Science Museum at Notre Dame in the late 19th century?
q_50,What was the lifespan of John Augustine Zahm?
q_51,What program did John Augustine Zahm come to co-direct at Nore Dame?
q_52,What book did John Zahm write in 1896?
q_53,What professorship did Father Josh Carrier hold at Notre Dame?
q_54,In what year did Albert Zahm begin comparing aeronatical models at Notre Dame?
q_55,Which professor sent the first wireless message in the USA?
q_56,In what year did Jerome Green send his first wireless message?
q_57,Which individual worked on projects at Notre Dame that eventually created neoprene?
q_58,What did the brother of John Zahm construct at Notre Dame?
q_59,Work on a germ-free-life ended up in the creation of which Notre Dame institute?
q_60,Around what time did Lobund of Notre Dame become independent?
q_61,In what year did Lobund at Notre Dame become an Institute?
q_62,The Lobund Institute was merged into the Department of Biology at Notre Dame in what year?
q_63,When did study of a germ-free-life begin at Notre Dame?
q_64,Gurian created what in 1939 at Notre Dame?
q_65,What was the Review of Politics inspired by?
q_66,Over how many years did Gurian edit the Review of Politics at Notre Dame?
q_67,Thomas Stritch was an editor of which publican from Notre Dame?
q_68,Who was the president of Notre Dame in 2012?
q_69,The Kellogg Institute for International Studies is part of which university?
q_70,What does the Kroc Institute at Notre Dame focus on?
q_71,In what year did Notre Dame begin to host the Global Adaptation Index?
q_72,What threat does the Global Adaptation Index study?
q_73,How many undergrads were attending Notre Dame in 2014?
q_74,What percentage of students at Notre Dame are the children of former Notre Dame students?
q_75,How many teams participate in the Notre Dame Bookstore Basketball tournament?
q_76,For what cause is money raised at the Bengal Bouts tournament at Notre Dame?
q_77,How many students in total were at Notre Dame in 2014?
q_78,What percentage of undergrads live on the Notre Dame campus?
q_79,How many student housing areas are reserved for Notre Dame's graduate students?
q_80,How many dorms for males are on the Notre Dame campus?
q_81,What amount of the graduate student body at Notre Dame live on the campus?
q_82,There are how many dorms for females at Notre Dame?
q_83,What is Congregation of Holy Cross in Latin?
q_84,What percentage of Notre Dame students feel they are Christian?
q_85,How often is Catholic mass held at Notre Dame in a week?
q_86,How many chapels are on the Notre Dame campus?
q_87,What amount of the student body of Notre Dame identifies as Catholic?
q_88,What was the music hall at Notre Dame called?
q_89,In what year was the Main Building at Notre Dame razed in a fire?
q_90,Who was the president of Notre Dame in 1879?
q_91,On what date was the rebuilding of The Main Building begun at Notre Dame after the fire that claimed the previous?
q_92,What did the Science Hall at Notre Dame come to be known as?
q_93,What type of education was pushed at Notre Dame before its embracing of national standards?
q_94,Which college did Notre Dame add in 1921?
q_95,"In 1919 a new president of Notre Dame was named, who was it?"
q_96,Over how many years did the change to national standards undertaken at Notre Dame in the early 20th century take place?
q_97,Those who attended a Jesuit college may have been forbidden from joining which Law School due to the curricula at the Jesuit institution?
q_98,"The Notre Dame football team got a new head coach in 1918, who was it?"
q_99,What was the amount of wins Knute Rockne attained at Notre Dame while head coach?
q_100,In what year did the team lead by Knute Rockne win the Rose Bowl?
q_101,How many years was Knute Rockne head coach at Notre Dame?
q_102,How many national titles were won when Knute Rockne coached at Notre Dame?
q_103,"Catholic people identified with Notre Dame, what religious group did people feel Yale represented?"
q_104,Notre Dame students had a showdown in 1924 with which anti-catholic group?
q_105,Which college president of Notre Dame is credited with preventing more confrontations between students and the KKK?
q_106,What type of event did the Klan intend to have at Notre Dame in March of 1924?
q_107,Where did Notre Dame students and the KKK have their encounter?
q_108,Which person became vice-president of Notre Dame in 1933?
q_109,Who was the president of Notre Dame in 1934?
q_110,Irvin Abell was given what award by Notre Dame?
q_111,Which year was the Laetare Medal first given out at Notre Dame?
q_112,For whos glory did Father O'Hara believed that the Notre Dame football team played?
q_113,Around the time that Rev. Cavanaugh became president of Notre Dame by how much did the undergrad student body of Notre Dame increase?
q_114,Which institute involving animal life did Cavanaugh create at Notre Dame?
q_115,What is O'Shaughnessy Hall of Notre Dame formerly known as?
q_116,Which president did Notre Dame have in 1947?
q_117,"Outside of an institute studying animals, what other institute did Cavanugh create at Notre Dame?"
q_118,What was the lifespan of Theodore Hesburgh?
q_119,In the time that Hesburgh was president of Notre Dame by what factor did the operating budget increase?
q_120,What was the size of the Notre Dame endowment when Theodore Hesburgh became president?
q_121,During what years was Theodor Hesburgh president of Notre Dame?
q_122,How many faculty members were at Notre Dame when Hesburgh left the role of president?
q_123,What type of educational institute is Hesburgh given credit for creating at Notre Dame?
q_124,Which role did Charles Sheedy have at Notre Dame?
q_125,What title did Thomas Blantz have at Notre Dame?
q_126,In what year did Notre Dame have its earliest undergraduate that was female?
q_127,With what institute did Notre Dame agree to an exchange program in the 1960s?
q_128,During what years was Edward Malloy president of Notre Dame?
q_129,"What was the SAT score, on average, at Notre Dame when Edward Malloy became president?"
q_130,When Malloy became president of Notre Dame what was the size of the endowment?
q_131,When Malloy reached the end of his time as president how much annuals funding for research did Notre Dame have?
q_132,The amount of professors at Notre Dame increased by what amount under Malloy?
q_133,When did John Jenkins become the president of Notre Dame?
q_134,"In terms of the amount of presidents Notre Dame has had, where is John Jenkins on the list?"
q_135,Who was the Notre Dame president that preceded John Jenkins?
q_136,Which arena was constructed under Jenkins at Notre Dame?
q_137,How much money was spent on enhancing Notre Dame Stadium under John Jenkins?
q_138,Which congregation is in charge of the Old College at Notre Dame?
q_139,What structure is found on the location of the original church of Father Sorin at Notre Dame?
q_140,In which architectural style is the Basilica of the Sacred Heart at Notre Dame made?
q_141,Which individual painted the inside of the Basilica of the Sacred Heart at Notre Dame?
q_142,In what year was the Grotto of Our Lady of Lourdes at Notre Dame constructed?
q_143,Which person oversaw the creation of a science hall at Notre Dame in 1883?
q_144,In what year did the student union building at Notre Dame get renamed to LaFortune Center?
q_145,After which individual was the LaFortune Center Notre Dame named?
q_146,How large in square feet is the LaFortune Center at Notre Dame?
q_147,What is the annual budget of Notre Dame's LaFortune Center?
q_148,How many halls are at Notre Dame that house students?
q_149,Which library was built at Notre Dame in 1963?
q_150,How many books are housed at the Theodore Hesburgh Library?
q_151,Construction for which hall started on March 8th 2007 at Notre Dame?
q_152,Which baseball stadium is found at Notre Dame?
q_153,In what year did Notre Dame create the Office of Sustainability?
q_154,What percentage of the food served at Notre Dame is locally grown?
q_155,"Notre Dame got a ""B"" for its sustainability practices from which entity?"
q_156,Gustavo Gutierrez is faculty of which institute?
q_157,In what year did Notre Dame first have a facility in England?
q_158,At which location is the London Center operated by Notre Dame found?
q_159,"Notre Dame has a center in Beijing, what is it referred to as?"
q_160,In what year did the Suffolk Street location start to house a Notre Dame facility?
q_161,What was Notre Dame's first college?
q_162,In what year was the The College of Arts and Letters at Notre Dame created?
q_163,In what year did the College of Arts and Letters at Notre Dame grant its first degree?
q_164,On which university did Notre Dame base its curriculum on?
q_165,How many BA majors does the College of Arts and Letters at Notre Dame offer?
q_166,Which president at Notre Dame created the College of Science?
q_167,In what year was the Notre Dame College of Science formed?
q_168,How many years long was a scientific course under Patrick Dillon at Notre Dame?
q_169,Which hall at Notre Dame contains the current College of Science?
q_170,How many undergrad students attend the College of Science at Notre Dame today?
q_171,In 1899 Notre Dame formed which college?
q_172,In what building is the current School of Architecture housed at Notre Dame?
q_173,What length is the course of study at the Notre Dame School of Architecture?
q_174,In which location do students of the School of Architecture of Notre Dame spend their 3rd year?
q_175,Which prestigious prize does the School of Architecture at Notre Dame give out?
q_176,In what year did the opening of a theology library at Notre Dame occur?
q_177,Where is the theology library at Notre Dame?
q_178,How many books are held by the Notre Dame libraries?
q_179,Currently where does Notre Dame's library rank in the nation?
q_180,What caused many intellectual Catholics to leave europe in the 1930s?
q_181,From where did Anton-Hermann Chroust come to reach Notre Dame?
q_182,What field of study did Anton-Hermann Chroust specialize in?
q_183,Who did Waldemar Gurian receive his tutelage under while seeking his doctorate?
q_184,What was Ivan Meštrović known for being?
q_185,"The school known as Notre Dame is known by a more lengthy name, what is it?"
q_186,What type of institution is the Notre Dame?
q_187,The French words Notre Dame du Lac translate to what in English?
q_188,Who is the patron saint of Notre Dame?
q_189,How large is Notre Dame in acres?
q_190,What caused Notre Dame to become notable in the early 20th century?
q_191,Which 20th century Notre Dame football coach is most notable?
q_192,Which athletic association are the student athletes at Notre Dame a part of?
q_193,How many students at Notre Dame received the Heisman Trophy?
q_194,"There were multiple students from Notre Dame who entered the Pro Football Hall of Fame, how many?"
q_195,Where among US universities does Notre Dame rank?
q_196,How many individual colleges are part of Notre Dame?
q_197,Which prize does the Architecture School at Notre Dame give out?
q_198,How many doctorate and masters programs are available at Notre Dame?
q_199,Which art museum does Notre Dame administer?
q_200,In what year was Father Edward Sorin given two years to create a college?
q_201,Which individual offered land to Father Edward Sorin?
q_202,Which church was Father Edward Sorin representing?
q_203,On what date did brothers from Holy Cross arrive at the future location of Notre Dame?
q_204,Which structure was the first used for the purposes of the college?
q_205,In what year did the initial degrees get handed out at Notre Dame?
q_206,In what year did the original Sorin built Main Building get replaced?
q_207,Which individual began a library at Notre Dame?
q_208,"In what year had the library at Notre Dame reach 10,000 books?"
q_209,In what year was the library at Notre Dame started?
q_210,Which television station finds its home at Notre Dame?
q_211,How many programs did NDtv feature in 2002?
q_212,Which radio station provides radio to the students of Notre Dame at 88.9 FM?
q_213,Which internet radio station of Notre Dame is served as an internet stream?
q_214,How much is Eddy Street Commons at Notre Dame expected to cost?
q_215,When was ground broke on the Eddy Street Commons Project of Notre Dame?
q_216,Who is the developer of Eddy Street Commons?
q_217,Which entity did Notre Dame hire to build a parking structure outside of Eddy Street Commons?
q_218,"There were protested as a part of the construction at Eddy Street Commons, they came due tot he hiring of whom?"
q_219,What does the acronym NCAA stand for?
q_220,Which league did Notre Dame Fighting Irish teams participate in in 1982?
q_221,What when conference do the Notre Dame fencing teams take part in?
q_222,"There is a conference that the male hockey team of Notre Dame competes in, what is it?"
q_223,In what conference did the Fighting Irish take part in in 2012?
q_224,To what conference did the Fighting Irish go after the Big East?
q_225,How many teams in each season do the Fighting Irish commit to play against ACC opponents?
q_226,"Where did the Fighting Irish hockey team compete prior to a move to Hockey East, in terms of conference?"
q_227,What colors are the official ones used by Notre Dame in sport competition?
q_228,What type of mascot do the Notre Dame sport teams have?
q_229,Who currently provides uniforms to Notre Dame sport teams?
q_230,What is the value of the contract between Under Armour and Notre Dame?
q_231,When did the Notre Dame marching band form?
q_232,What is notable about the Notre Dame marching band?
q_233,What is the Notre Dame fight song?
q_234,Which team did Notre Dame's football team find inspiration from?
q_235,In what year did Notre Dame football begin?
q_236,What university is Notre Dame tied with in terms of most Heisman Trophy winners?
q_237,Against which team does Notre Dame compete for the Jeweled Shillelagh?
q_238,In terms of Notre Dame students in the College Football Hall of Fame the amount of students named is what ?
q_239,What notable football player played at Notre Dame from 1916 to 1920?
q_240,"Against which opponent did Knute Rockne tell his team to ""win one for the Gipper?"""
q_241,"Which person portrayed Knute Rockne in the 1940 movie ""Knute Rockne?"""
q_242,"Ronald Reagan played the role of whom in 1940's ""Knute Rockne?"""
q_243,How many seats are in Notre Dame Stadium?
q_244,What is displayed at Zahm House for football home games at Notre Dame?
q_245,What occurs at midnight preceding a football home game at Notre Dame?
q_246,From where does the Band of the Fighting Irish lead a march to the Notre Dame Stadium for football home games?
q_247,What songs does the trumpet section of the Band of the Fighting Irish play preceding home football games?
q_248,On what day do Notre Dame home football games occur?
q_249,How many wins does the Notre Dame men's basketball team have?
q_250,How many schools have a similar men's basketball record to Notre Dame in terms of wins?
q_251,How many NCAA tournaments did the Notre Dame men's basketball team take part in?
q_252,Which Notre Dame men's basketball player has the record for more points in one game?
q_253,Who was the Notre Dame men's basketball coach in 2014?
q_254,Who wrote the original lyrics to the Notre Dame Victory March?
q_255,In what year did Michael J. Shea graduate from Notre Dame?
q_256,"Who is responsible for writing the music for ""Notre Dame Victory March?"""
q_257,"In what year did ""Notre Dame Victory March"" get copyrighted?"
q_258,"To where are the loyal sons in ""Notre Dame Fight Song"" marching?"
q_259,"Ronald Reagan had a nickname, what was it?"
q_260,"In what film did a parody of the ""Win one for the Gipper"" speech appear?"
q_261,Who starred as Daniel Ruettiger in the film Rudy?
q_262,Which person was a former comrade to Ted Striker in the film Airplane!?
q_263,Pat O'Brien portrayed which person in the film Knute Rockne?
q_264,Which Secretary of State attended Notre Dame?
q_265,Which Notre Dame alum from the College of Science won a Nobel Prize?
q_266,Who is the current president of Notre Dame?
q_267,Mariel Zagunis is notable for winning what?
q_268,Which notable astronaut is known to have attended Notre Dame?
q_269,When did Beyonce start becoming popular?
q_270,What areas did Beyonce compete in when she was growing up?
q_271,When did Beyonce leave Destiny's Child and become a solo singer?
q_272,In what city and state did Beyonce grow up?
q_273,In which decade did Beyonce become famous?
q_274,In what R&B group was she the lead singer?
q_275,What album made her a worldwide known artist?
q_276,Who managed the Destiny's Child group?
q_277,In what city did Beyonce grow up?
q_278,What was the name of Beyonce's first solo album?
q_279,On what date was Beyonce born?
q_280,What is Beyonce's full name?
q_281,When did Beyoncé rise to fame?
q_282,What role did Beyoncé have in Destiny's Child?
q_283,What was the first album Beyoncé released as a solo artist?
q_284,When did Beyoncé release Dangerously in Love?
q_285,How many Grammy awards did Beyoncé win for her first solo album?
q_286,What was Beyoncé's role in Destiny's Child?
q_287,What was the name of Beyoncé's first solo album?
q_288,When did Beyoncé release her first solo album?
q_289,"After her second solo album, what other entertainment venture did Beyonce explore?"
q_290,Which artist did Beyonce marry?
q_291,"To set the record for Grammys, how many did Beyonce win?"
q_292,For what movie did Beyonce receive her first Golden Globe nomination?
q_293,When did Beyonce take a hiatus in her career and take control of her management?
q_294,Which album was darker in tone from her previous work?
q_295,"After what movie portraying Etta James, did Beyonce create Sasha Fierce?"
q_296,When did Destiny's Child end their group act?
q_297,What was the name of Beyoncé's second solo album?
q_298,"What was Beyoncé's first acting job, in 2006?"
q_299,Who is Beyoncé married to?
q_300,What is the name of Beyoncé's alter-ego?
q_301,"In her music, what are some recurring elements in them?"
q_302,Time magazine named her one of the most 100 what people of the century?
q_303,Which magazine declared her the most dominant woman musician?
q_304,In which decade did the Recording Industry Association of America recognize Beyonce as the The Top Certified Artist?
q_305,What magazine rated Beyonce as the most powerful female musician in 2015?
q_306,How did Beyonce describe herself as a feminist?
q_307,In which years did Time rate Beyonce in the 100 most influential people in the world?
q_308,How many records has Beyonce sold in her 19 year career?
q_309,How many records did Beyoncé sell as part of Destiny's Child?
q_310,"After leaving Destiny's Child, how many records did Beyoncé release under her own name?"
q_311,How many Grammy awards has Beyoncé won?
q_312,What magazine named Beyoncé as the most powerful female musician for 2015?
q_313,Beyonce's younger sibling also sang with her in what band?
q_314,Where did Beyonce get her name from?
q_315,What race was Beyonce's father?
q_316,Beyonce's childhood home believed in what religion?
q_317,Beyonce's father worked as a sales manager for what company?
q_318,Beyonce's mother worked in what industry?
q_319,What younger sister of Beyonce also appeared in Destiny's Child?
q_320,Beyonce is a descendent of what Arcadian leader?
q_321,What company did Beyoncé's father work for when she was a child?
q_322,What did Beyoncé's mother own when Beyoncé was a child?
q_323,What is the name of Beyoncé's younger sister?
q_324,Beyoncé is a descendant of which Acadian leader?
q_325,Beyoncé was raised in what religion?
q_326,What town did Beyonce go to school in?
q_327,Who was the first person to notice Beyonce's singing ability?
q_328,Beyonce moved to which town after she left her first elementary school?
q_329,Which of her teachers discovered Beyonce's musical talent?
q_330,I which church was Beyonce a member and soloist in the choir?
q_331,What type of school was Parker Elementary School?
q_332,Which song did Beyonce sing to win a competition at age 7?
q_333,What city was Beyoncé's elementary school located in?
q_334,What was the name of Beyoncé's first dance instructor?
q_335,How old was Beyoncé when she won a school talent show?
q_336,What choir did Beyoncé sing in for two years?
q_337,Who decided to place Beyonce's group in Star Search the talent show?
q_338,"In 1995, who decided to manage the girls singing group?"
q_339,Who was the first record label to give the girls a record deal?
q_340,Who brought Beyonce to California and enter her group in Star Search?
q_341,In what year did Beyonce's father quit his job to manage her group?
q_342,What large record company recorded Beyonce's group's first album?
q_343,What record company first signed Beyonce's group and later cut them?
q_344,At what age did Beyonce meet LaTavia Robertson?
q_345,How old was Beyoncé when she met LaTavia Roberson?
q_346,What was the name of the first group Beyoncé was a part of?
q_347,Who placed Girl's Tyme in Star Search?
q_348,When did Beyoncé begin to manage the girl group?
q_349,"Who signed the girl group on October 5, 1995?"
q_350,Which film featured Destiny's Child's first major single?
q_351,"For which song, did Destiny's Child take home the grammy award for best R&B performance?"
q_352,"Who did Beyonce record with for the movie ""The Best Man?"""
q_353,Beyonce's group changed their name to Destiny's Child in what year?
q_354,The name Destiny's Child was based on a quote in which book of the Bible?
q_355,"Debut song, ""Killing Time"" was featured on what movie's sound track?"
q_356,What song won Best R&B Performance in the 43 Annual Grammy Awards?
q_357,"What singer did Beyonce record a song with for the movie, ''The Best Man""?"
q_358,Where did Destiny's Child get their name from?
q_359,"Destiny's Child song, Killing Time, was included in which film's soundtrack?"
q_360,What was Destiny's Child's first major song hit?
q_361,When did Destiny's Child release their second album?
q_362,"Who did Beyoncé sing a duet with for ""The Best Man"" film?"
q_363,What mental health issue did Beyonce go through?
q_364,What event occured after she was publicly criticized?
q_365,Who supported Beyonce through her depression?
q_366,What event caused Beyonce's depression?
q_367,How long was Beyonce depressed?
q_368,Who helped Beyonce fight her depression the most?
q_369,Who replaced Luckett and Roberson in Destiny's Child?
q_370,Who was blamed for Luckett and Roberson leaving Destiny's Child?
q_371,Who helped Beyoncé overcome her depression during the years following the Destiny's Child split?
q_372,Which newest member was removed from Destiny's Child?
q_373,"""Charlie's Angels"" featured which single from the band members?"
q_374,"How many weeks did their single ""Independent Women Part I"" stay on top?"
q_375,"For what network, did Beyonce land a major movie role in?"
q_376,"Their third album, Survivor, sold how many during its first week?"
q_377,What French composer wrote the original opera ''Carmen'' in the 19th century?
q_378,What album caused a lawsuit to be filed in 2001?
q_379,Independent Women Part I was on which 2000 film's soundtrack?
q_380,Which film did Beyoncé star in 2001 with Mekhi Phifer?
q_381,What was the name of Destiny Child's third album?
q_382,Who filed a lawsuit over Survivor?
q_383,When did Destiny's Child announce their hiatus?
q_384,"Who did Beyonce star with in the movie, ""Austin Powers in Goldmember""?"
q_385,"Which three countries did Beyonce's song ""Work It Out"" achieve top ten status?"
q_386,Beyonce starred with Cuba Gooding Jr. in which film?
q_387,"Who did Beyonce record the lead single with in the movie ""The Fighting Temptations""?"
q_388,Which other song from the soundtrack did better in the charts?
q_389,What film did Beyonce appear in with Mike Myers?
q_390,"What large amount did the movie ""Goldmember"" gross?"
q_391,"What genre of movie did Beyonce star in with Cuba Gooding, Jr?"
q_392,What song was the lead single from the film's sound track?
q_393,"How did the critics view the movie, ''The Fighting Temptations''?"
q_394,What film did Beyoncé star in with Mike Myers in 2002?
q_395,What was Beyoncé's character called in Austin Powers in Goldmember?
q_396,Which song did Beyoncé release as the lead single for Austin Powers in Goldmember's soundtrack?
q_397,"What musical comedy did Beyoncé star in along with Cuba Gooding, Jr. in 2003?"
q_398,What song did Beyoncé release as the lead single from The Fighting Tempations?
q_399,What was the highest Beyonce's first solo recording achieved in the Billboard Hot 100?
q_400,Beyonce's first album by herself was called what?
q_401,"How many has ""Dangerously in Love"" sould worldwide since its debut?"
q_402,Beyonce's first number one song was which song?
q_403,How many top five singles came from her first album?
q_404,Beyonce's first solo album in the U.S. with what artist in the lead single?
q_405,What solo album did Beyonce release in 2003?
q_406,"The album, Dangerously in Love achieved what spot on the Billboard Top 100 chart?"
q_407,"""The Closer I get to You"" was recorded with which artist?"
q_408,Which artist was associated with Beyoncé's premiere solo recording?
q_409,When did Beyoncé release her first solo album?
q_410,What is the lead single on Beyoncé's first album?
q_411,Who helped Beyoncé earn a Grammy award for Best R&B Performance by a Duo or Group at the 46th annual Grammy Awards?
q_412,How many awards did Beyoncé win at the 46th Grammy's Awards?
q_413,Destiny's Child's final album was named what?
q_414,Destiny's Child got a star on the Hollywood Walk of Fame in what year?
q_415,In what year did Beyonce embark on her Dangerously in Love tour of Europe?
q_416,What was the name of the final album of Destiny's Child?
q_417,It was announced that Destiny's Child would disban in what European city?
q_418,When did Destiny's Child get their star on the Hollywood Walk of Fame?
q_419,What was the name of Beyoncé's European start that started in November 2003?
q_420,Who did Beyoncé tour with for the Verizon Lades First Tour?
q_421,"What major event did Beyoncé perform at on February 1, 2004?"
q_422,What is the name of the final studio album from Destiny's Child?
q_423,How many albums did Beyonce sell in the first week when she released her second album?
q_424,The lead single from the album was which song?
q_425,"How many countries did her song ""Irreplaceable"" get number one status in?"
q_426,How many singles did her second album produce?
q_427,What birthday did Beyonce's album B'Day celebrate?
q_428,"What artist did Beyonce duet with in the single, ""Deja Vu''?"
q_429,How high did ''Deja Vu'' climb on the Billboard chart?
q_430,What is the name of Beyoncé's second album?
q_431,How many copies did B'Day sell during the first week of its release?
q_432,"Who collaborated with Beyoncé on the single, Deja Vu?"
q_433,Which single from B'Day was only released in the U.K.?
q_434,What movie did Beyonce act in 2006?
q_435,Her second movie Beyonce did was what film?
q_436,"The single, ""Listen"" was featured in which movie?"
q_437,Beyonce's first world tour was when?
q_438,How much money did Beyonce's tour make in 2007?
q_439,How many millions of dollars did ''The Pink Panther'' gross world-wide?
q_440,What did Beyonce call her first concert tour?
q_441,Who was Beyonce's duet with in ''Beautiful Liar''?
q_442,Which film did Beyoncé star with Steve Martin in?
q_443,Beyoncé's role in Dreamgirls was based on what pop singer?
q_444,What was the lead single for the Dreamgirls soundtrack?
q_445,What was the name of Beyoncé's first international tour?
q_446,What pop singer did a duet with Beyoncé on Beautiful Liar?
q_447,Beyonce got married in 2008 to whom?
q_448,"Her third album, ""I am...Sasha Fierce"" was released when?"
q_449,"For which decade, did Beyonce have more top ten songs than any other woman?"
q_450,Which singer beat out Beyonce for best video performance?
q_451,"In 2009, Beyonce started her second world tour and grossed how much money?"
q_452,How did she reveal the marriage?
q_453,When did Beyonce begin her second world tour?
q_454,Who beat out Beyonce for Best Female Video ?
q_455,How much did the second world tour make in dollars?
q_456,When did Beyoncé get married?
q_457,Who did Beyoncé marry?
q_458,Who is Beyoncé's alter ego?
q_459,The video for what song won Beyoncé the 2009 MTV Video of the Year award?
q_460,Which prominent star felt the 2009 Female Video of the Year award should have went to Beyoncé instead of Taylor Swift?
q_461,"Beyonce portrayed which character in the film, Cadillac Records?"
q_462,Beyonce gave her entire salary from Cadillac Records to which organization?
q_463,Which song did Beyonce sing at the first couple's inaugural ball?
q_464,"What genre of film was the movie, Obsessed, in which Beyonce starred in?"
q_465,"A fight scene from the movie, Obsessed, won which award for Beyonce?"
q_466,Where did Beyonce donate her salary from the movie Cadillac Records?
q_467,What thriller film did Beyonce star in?
q_468,What was the name of the woman she played in Obsessed?
q_469,How much more that the buget did the film gross?
q_470,Which singer did Beyoncé portray in Cadillac Records?
q_471,Which organization received Beyoncé's entire Cadillac Records salary?
q_472,"Where did Beyoncé perform on January 20, 2009?"
q_473,Which thriller film did Beyoncé star in with Ali Larter?
q_474,How many awards was Beyonce nominated for at the 52nd Grammy Awards?
q_475,Beyonce tied with which artist for most nominations by a female artist?
q_476,"In 2010, Beyonce worked with which other famous singer?"
q_477,"How many number one singles did Beyonce now have after the song ""Telephone""?"
q_478,Beyonce tied who for most number one singles by a female?
q_479,Beyonce received how many nominations at the 52nd Annual Grammy Awards?
q_480,What song was the sixth first place song for Beyonce?
q_481,Who else appeared with Beyonce in Telephone?
q_482,Who did they tie with for six top songs?
q_483,Who did Beyonce tie with for the most nominations in a year?
q_484,How many nominations did Beyoncé receive at the 52nd Grammy Awards ceremony?
q_485,Who did Beyoncé tie with for the most Grammy nominations for female artists?
q_486,"Beyoncé was a featured artist on which singer's hit, Telephone?"
q_487,Who did Beyoncé and Lady Gaga tie with for the most number one hits since 1992?
q_488,Beyonce would take a break from music in which year?
q_489,Which year did Beyonce and her father part business ways?
q_490,Which famous landmark did Beyonce see in China?
q_491,In what year did Beyonce have her hiatus?
q_492,Who inspired this hiatus?
q_493,When did she stop using her father as a manager?
q_494,How long did the hiatus last?
q_495,What did Beyoncé announce in January 2010?
q_496,Who suggested the hiatus for Beyoncé?
q_497,Who did Beyoncé part ways with during her hiatus?
q_498,How long did her hiatus last?
q_499,In which year was reports about Beyonce performing for Muammar Gaddafi surface?
q_500,Who did Beyonce donate the money to earned from her shows?
q_501,Beyonce became the first female artist to perform solo in 20 years at which stage?
q_502,Which organization did Beyonce's spokespeople confirm her donations to?
q_503,Beyonce was listed in 2011 as the highest paid performer per what?
q_504,Hoe did everyone learn that Beyonce performed for Kaddafi?
q_505,When did this leak happen?
q_506,Who did she tell about the donation?
q_507,Where did Beyonce perform in 2011?
q_508,Who did Beyoncé perform privately for in 2011?
q_509,Who released the information about Beyoncé's performance for the Libyan ruler?
q_510,Which organization did Beyoncé donate her pay for the private performance to?
q_511,Beyoncé was the first female singer to headline what at the 2011 Glastonbury Festival?
q_512,Beyonce's fourth album debuted in what year?
q_513,Which single had the most success from that album?
q_514,Beyonce won an award for which activity in 2011?
q_515,"in 2011, Beyonce performed for four nights where?"
q_516,When was Beyonce's forth album released?
q_517,How many copies did the album sell in its first week?
q_518,Who awarded Beyonce and award for writing?
q_519,When did she perform at the Roseland ballroom?
q_520,What is the name of Beyoncé's fourth studio album?
q_521,When was 4 released?
q_522,How many copies of 4 sold in the first week?
q_523,What magazine did Beyoncé write a story for about her earlier hiatus?
q_524,Where did Beyoncé perform for four nights of standing room only concerts in 2011?
q_525,When did Beyonce have her first child?
q_526,Where did Beyonce give birth to her first child?
q_527,Beyonce's first child is named what?
q_528,Her first appearance performing since giving birth was where?
q_529,When did Beyonce have her first child?
q_530,What was the child's name?
q_531,How long was it after the birth of her child before she performed again?
q_532,How many nights did she perform at Atlantic City?
q_533,When did Beyoncé give birth to a daughter?
q_534,What did Beyoncé name her daughter?
q_535,Where was Blue Ivy born?
q_536,Where was Beyoncé's first public performance after giving birth?
q_537,How many nights did Beyoncé play at the resort?
q_538,Destiny's Child released a compilation album about which topic?
q_539,Beyonce's documentary movie was called what?
q_540,What did Beyonce sign in 2013?
q_541,"When did Destiny's Child release its album ""Love Songs""?"
q_542,What was the title of the added track in Love Songs?
q_543,At whose inauguration did she perform the National Anthem?
q_544,How many Tweets per minute did the half time show get?
q_545,When did Destiny's Child release Love Songs?
q_546,What was the new track for Love Songs?
q_547,What did Beyoncé sing at President Obama's second inauguration?
q_548,What event did Beyoncé perform at one month after Obama's inauguration?
q_549,What is the name of Beyoncé's documentary film?
q_550,"How many dates did Beyonce's ""The Mrs. Carter Show"" entail?"
q_551,One of Beyonce's most successful tours yet was which one?
q_552,"Beyonce wrote which song for the movie ""Epic""?"
q_553,Beyonce voiced a character in which animated film?
q_554,When did the tour begin?
q_555,Of what event was Beyonce honorary chair?
q_556,What part did she voice for the movie Epic?
q_557,What song did Beyonce record for the film Epic?
q_558,What was the name of Beyoncé's tour that she started on April 15?
q_559,How many dates did the Mrs. Carter Show World Tour have?
q_560,Which Amy Winehouse song did Beyoncé cover and release in May 2014?
q_561,Beyoncé was an honorary chair of the 2013 what?
q_562,"Which character in the film, Epic, was voiced by Beyoncé?"
q_563,Where did Beyonce release her 5th album to a huge surprise?
q_564,When did Beyonce get her fifth consecutive number one hit album?
q_565,Where was the album released?
q_566,Who joined Beyonce on her On The Run Tour?
q_567,Who reported Beyonce to e the top earning woman in music?
q_568,How much more were her earnings that the year before?
q_569,When did Beyoncé release her fifth studio album?
q_570,How many digital copies of her fifth album did Beyoncé sell in six days?
q_571,What song on Beyoncé's fifth studio album featured her husband?
q_572,What was the name of the tour featuring both Beyoncé and Jay Z?
q_573,How many awards did Beyonce take home with her at the 57th Grammy Awards?
q_574,Which artist beat Beyonce out for Album of the year?
q_575,Which magazine did Beyonce pose on the cover for in August of 2015?
q_576,Beyonce would perform with who at Superbowl 50?
q_577,Beyonce took home how many awards at the 57th Grammy Awards?
q_578,Beyonce lost to which artist for Album of the year?
q_579,Who did Beyonce perform next to during Superbowl 50?
q_580,"If Beyonce won three Grammies in 2015, how many was she nominated for?"
q_581,On what magazine was she the cover model?
q_582,Who would she perform with at Superbowl 50?
q_583,With what British band did Beyonce perform on their album?
q_584,How many awards was Beyoncé nominated for at the 57th annual Grammys?
q_585,How many awards did Beyoncé win at the 57th Annual Grammys?
q_586,Beyoncé lost the Album of the Year award to which entertainer?
q_587,"Which magazine did Beyoncé pose for the cover, making her the first black female artist to do so?"
q_588,Who did Beyonce perform with at Super Bowl 50?
q_589,"Beyonce released the song ""Formation"" on which online music service?"
q_590,Beyonce's new single released before the super bowl was called what?
q_591,"What day did Beyonce release her single, Formation?"
q_592,How was the single released?
q_593,What was the name of the streaming service?
q_594,What kind of platform was the song released?
q_595,When did Beyoncé release Formation?
q_596,"Where did Beyoncé exclusively release her single, Formation?"
q_597,"As of April 2014, how many albums have Jay Z and Beyonce sold together?"
q_598,Where did Beyonce become pregnant?
q_599,"Beyonce described what as the ""hardest thing she had to endure""?"
q_600,Who did Beyonce have a relationship with?
q_601,When were Beyonce and Jay Z married?
q_602,Together how records have they sold ?
q_603,How did Beyonce deal with the miscarriage of her child?
q_604,Where was Beyonce when she became pregnant?
q_605,"In which music video did Beyoncé star as Jay Z's girlfriend, creating speculation about their relationship?"
q_606,When were Beyoncé and Jay Z married?
q_607,How many records combined have Beyoncé and Jay Z sold?
q_608,What did Beyoncé describe as the saddest thing in her life?
q_609,Where did Beyoncé get pregnant?
q_610,Jay Z and Beyonce attended which event together in August of 2011?
q_611,Beyonce confirmed what after performing one of her songs?
q_612,How many people watched the 2011 MTV Music Awards?
q_613,Where did she announce her pregnancy?
q_614,Why was the broadcast the most-watched in history?
q_615,What even was recorded in the Guinness World Records?
q_616,"What was the most searched term in week of Aug 29, 2011?"
q_617,What song did she perform at the MTV Awards?
q_618,Where did Beyoncé announce her pregnancy?
q_619,What song did Beyoncé sing prior to announcing her pregnancy?
q_620,How many people watched the 2011 MTV Video Music Awards?
q_621,"What was the most searched term on Google for the week of August 29, 2011?"
q_622,Jay Z has a website called what?
q_623,Which song by Jay Z talked about the pregnancy struggles?
q_624,What was the name of Beyonce's daughter?
q_625,At what hospital was the baby delivered?
q_626,What was the named of the song dedicated to the child?
q_627,What does B.I.C. stand for?
q_628,Who was credited for her cries on the song?
q_629,When did Beyoncé give birth to her daughter?
q_630,What did Beyoncé and Jay Z name their daughter?
q_631,What song did Jay Z release two days after Blue Ivy was born?
q_632,What is included at the end of Glory?
q_633,How was Blue Ivy credited on Glory?
q_634,Beyonce and Jay-Z went to a rally for the acquittal of whom?
q_635,Beyonce sang which song during the 2009 presidential inauguration?
q_636,How much did Beyonce raise for Obama at the 40/40 Club?
q_637,"What did she endorse on March 26, 2013?"
q_638,What did they attend in July 2013?
q_639,What did she sing at the 2009 Presidential Inauguration?
q_640,What song did Beyoncé perform at the 2009 inauguration of Obama?
q_641,What song did Beyoncé perform at the first inaugural dance for the Obamas.
q_642,What social media platform did Beyoncé upload a picture of her paper ballot on?
q_643,"When did Beyoncé endorse on March 26, 2013?"
q_644,Beyonce did an interview with which magazine and was asked about feminism?
q_645,Beyonce supported which campaign that encourages leadership in girls?
q_646,Where was Beyonce quoted as saying that she is a modern-day feminist?
q_647,When did she say the she is a feminist?
q_648,What campaign did she contribute to?
q_649,What song did she release in 2013 in response to a speech?
q_650,What does Ban Bossy encourage?
q_651,"Beyoncé used words from which Nigerian author in her song, Flawless?"
q_652,Which campaign does Beyoncé contribute to that encourages leadership in females?
q_653,Beyonce signed a letter with who in 2015?
q_654,An important UN summit took place when?
q_655,The letter Beyonce signed focused on what issue?
q_656,What had to be set in developing funding?
q_657,When did Beyonce sign a letter for ONE Campaign?
q_658,To whom was the letter addressed?
q_659,Who are these women?
q_660,When will they meet?
q_661,Who did Beyoncé sign a letter for in 2015?
q_662,Who was the letter addressed to?
q_663,What was Angela Merkel serving as in relation to the letter?
q_664,What did the letter want the two recipients to focus on?
q_665,Beyonce along with Jay Z met with whom's family after their death?
q_666,Beyonce with Jay Z gave lots of money to bail who out of prison?
q_667,Who's death caused this protest?
q_668,How much bail money did they spend?
q_669,Beyonce beat out which musical artists for most paid between June 2007 and June 2008?
q_670,Beyonce and Jay Z got a Guinness World record for what in 2009?
q_671,Beyonce became the highest-paid black musician in which year?
q_672,"Up until May of 2015, how much is Beyonce's total worth?"
q_673,"Between 2008 and 2009, which entertainers did Beyonce beat in earnings?"
q_674,In 2012 who placed Beyonce at 16 in the Celebrity List?
q_675,When did she and Jay Z become the highest paid black celebrity couple?
q_676,How much did she earn in 2014?
q_677,What is Beyonce's net worth in 2015?
q_678,"Who began reporting Beyoncé's annual earnings, starting in 2008?"
q_679,"When did Beyoncé become the highest paid black musician, ever?"
q_680,Who predicted that Beyoncé would become the highest paid black entertainer?
q_681,When did Jay Z and Beyoncé become the first music couple worth over a billion dollars?
q_682,Beyonce's range in singing is how many octaves?
q_683,who talked about Beyonce's tone and timbre as distinctive?
q_684,"Which critic called Beyonce's voice ""versatile""?"
q_685,Which era was credited to have influenced Beyonce's singing style by Jody Rosen?
q_686,How many octaves does Beyonce have?
q_687,What did the Daily Mail say about Beyonce's voice?
q_688,What does Rosen claim influenced Beyonce's style?
q_689,What do other critics claim?
q_690,How many octaves does Beyoncé's voice span?
q_691,Why is Beyoncé known as the centerpiece of Destiny's Child?
q_692,New York Times' Jon Pareles calls Beyoncé's voice velvety yet what?
q_693,What does Jody Rosen say influenced Beyoncé's vocal style?
q_694,Music from Beyonce is generally categorized as what genre?
q_695,"Besides R&B, which genres does Beyonce dabble in?"
q_696,"Beyonce mostly releases English songs, but what other language did she release songs?"
q_697,Spanish songs Beyonce released were for what?
q_698,Beyonce was coached for her Spanish songs by which American?
q_699,What kind of music does Beyonce do?
q_700,What language does she mainly sing?
q_701,What other language has she sung?
q_702,What album did she re-release in Spanish?
q_703,What style of music does Beyoncé usually perform?
q_704,What language did Beyoncé release several songs in?
q_705,Who coached Beyoncé for her Spanish recordings?
q_706,What album did the Spanish songs come from?
q_707,Beyonce does not create which aspect of her music?
q_708,An example of a song aimed towards a male audience is what?
q_709,What theme was Beyonce's early music?
q_710,With Jay Z what were her new themes?
q_711,What does she get credits for in her music?
q_712,What part of production does she do?
q_713,Beyoncé's early recordings empowered who?
q_714,"In addition to co-writing credits, Beyoncé also got what credits for most of her albums?"
q_715,"Rather than beats, what two things does Beyoncé usually come up with for producers?"
q_716,Pop Songwriter of the Year award in 2001 was awarded to whom?
q_717,Beyonce received the Pop Songwriter of the Year award at which event?
q_718,Beyonce has the same number of writing credits on number one singles as whom?
q_719,Beyonce joined 2 other women on what list from Billboard magazine in 2011?
q_720,When did Beyonce become the first African American woman to win Pop songwriter of the year?
q_721,What place is she tied for in songwriting credits?
q_722,Who listed her at number 17 in their list of Top 20 hot 100 Songwriters?
q_723,Where does she place in writing credits for three number one songs?
q_724,"What did Beyoncé win in 2001, making her the first black woman to do so?"
q_725,Who gave Beyoncé the Pop Songwriter of the Year award in 2001?
q_726,"Beyoncé was one of how many women on Billboard magazine's 2011 ""Top 20 Hot 100 Songwriters"" list."
q_727,What number was Beyoncé on the Top 20 Hot 100 Songwriters list?
q_728,To whom did Beyonce credit as her major influence on her music?
q_729,How old was Beyonce when she went to her first Michael Jackson concert as a kid?
q_730,Beyonce gave a tribute award to who in 2006?
q_731,Beyonce cites Mariah Carey to making her want to start doing what?
q_732,Who influenced Beyonce?
q_733,What song by Mariah Carey influenced her?
q_734,Who is Beyoncé's biggest musical influence?
q_735,What was Beyoncé's first concert?
q_736,Who does Beyoncé feel is an all-around entertainer?
q_737,"Who does she credit for the inspiration to ""get up there and do what she did""?"
q_738,What song caused Beyoncé to practice runs as a child?
q_739,What themes were influenced by her acting role in Dreamgirls?
q_740,"Which singer did Beyonce honor by entertaining with her song ""Deja Vu""?"
q_741,Who motivated Beyonce to explore other areas of music?
q_742,What movie influenced Beyonce towards empowerment themes?
q_743,How did Etta James influence her?
q_744,Where did she perform wearing Baker's hula skirt?
q_745,What singer inspired Beyoncé's B'Day album?
q_746,What song did Beyoncé sing at a 2006 concert to honor Josephine Baker?
q_747,"Beyonce has noted which first lady with saying ""She proves you can do it all""?"
q_748,Which month and year did Beyonce credit Madonna for inspiring her to take control of her career?
q_749,"Beyonce has said that who embodies the ""definition of inspiration and a strong woman""?"
q_750,Who personally influences Beyonce?
q_751,Hoe does she describe Oprah Winfrey?
q_752,How does she describe Jean- Michel Basquiat?
q_753,How does Madonna influence her?
q_754,How does she describe Jay Z?
q_755,"Who inspires Beyoncé because ""she does it all?"""
q_756,Who does Beyoncé describe as the definition of inspiration?
q_757,Who does Beyoncé describe as lyrical and raw?
q_758,Who inspired Beyoncé to take control of her career?
q_759,Beyonce had an all-female tour band whose name was what?
q_760,Beyonce had singers in the background known by the name as?
q_761,The Mamas members included which 3 musicians?
q_762,The Mamas first appearance was when?
q_763,What band did Beyonce introduce in 2006?
q_764,What song name does the band Suga Mama and a song on the B'Day album share?
q_765,Where did Suga Mama band make their first appearance?
q_766,What band supports Beyonce in her tours?
q_767,What is the name of Beyoncé's female tour band?
q_768,Suga Mama is also a song on which Beyoncé album?
q_769,What are Beyoncé's backup singers called?
q_770,When did The Mamas make their debut?
q_771,What characteristics has Beyonce received acclaim for?
q_772,Which former president of Def Jam called Beyonce the greatest entertainer alive?
q_773,For what does Beyonce receive praise?
q_774,Who chose her as number one on his list of Best singers/ Dancers?
q_775,How has L.A. Reid described her?
q_776,How does Alice Jones describe her?
q_777,Who has Beyoncé at number one on her Five Best Singer/Dancers?
q_778,Who has said that Beyoncé is the best entertainer alive?
q_779,Beyonce self proclaimed alter ego is named what?
q_780,Her alter ego was born when according to Beyonce?
q_781,What year did Beyonce do away with Sasha Fierce?
q_782,Beyonce brought back Sasha Fierce during which event?
q_783,How does she describe Sasha?
q_784,Later what did she say about Sasha?
q_785,What is the name of Beyoncé's alter ego?
q_786,When did Beyoncé introduce Sasha Fierce?
q_787,Sasha Fierce was created during the making of what song?
q_788,Who did Beyoncé tell in February 2010 that Sasha Fierce was no longer needed?
q_789,Beyonce's sex appeal is characterized as what?
q_790,"Which music journalist described Beyonce as a ""crossover sex symbol?"""
q_791,Which word spawned from a term used to describe Beyonce in 2006?
q_792,Bootylicious was a song from which act that Beyonce performed with?
q_793,Oxford Dictionary added which word from the 2000s dedicated to Beyonce?
q_794,What word is often used to describe Beyonce/
q_795,When was the term added to the dictionary?
q_796,"What journalist wrote that Beyoncé was a ""sex symbol""?"
q_797,"Because of Beyoncé's physical shape, what slang term has been used to describe her?"
q_798,In what year was the slang term from a title of a Destiny's Child song that is also used to describe Beyoncé put in the dictionary?
q_799,How does Beyoncé say she likes to dress off-stage?
q_800,"in September 2010, what career area did Beyonce start exploring?"
q_801,Beyonce's first modelling event was at where?
q_802,"""World's Most Beautiful woman"" was declared to Beyonce by which national magazine?"
q_803,Which month and year did GQ feature Beyonce on its cover?
q_804,What TV network listed Beyonce as number 1 on its 100 Sexiest Artists list?
q_805,Who called Beyonce the World's most Beautiful Woman?
q_806,Who called her Hottest Female Singer of all Time?
q_807,When did she appear on the cover of GQ?
q_808,VH1 listed her at what number on their 100 Sexiest Artists list?
q_809,What year did Beyoncé first model for Tom Ford?
q_810,"What magazine said Beyoncé was the ""World's Most Beautiful Woman""?"
q_811,What title did Complex award Beyoncé?
q_812,What museum has made several models of Beyoncé in wax?
q_813,Which parent of Beyonce's help co-write a book?
q_814,Which African-American woman before Beyonce had posed for SI Swimsuit issue?
q_815,What was the title of Beyonce's mother's book?
q_816,When was she on the Sports Illustrated cover?
q_817,Who was she the second African American on the cover after?
q_818,"Beyoncé was the second African American woman featured as a swimsuit cover on the magazine, who was first?"
q_819,"What magazine said Beyoncé was the ""best-dressed celebrity""?"
q_820,Beyonce has a fan base that is referred to as what?
q_821,"Before the Bey Hive, fans of Beyonce were called what?"
q_822,Which social media company proclaimed Beyonce fans are know as the Bey Hive?
q_823,What is Beyonce's fan base called?
q_824,What did the fans used to be called?
q_825,What is the latest term used to describe Beyoncé fans?
q_826,What was the former word given to Beyoncé fans?
q_827,"What word does ""Bey Hive"" derive from?"
q_828,Beyonce has a clothing line known as what?
q_829,Which French magazine did Beyonce show up on the cover of?
q_830,Beyonce was seen wearing what on the french magazine that caused controversy?
q_831,Which year did PETA spark controversy with Beyonce?
q_832,What did PETA criticize Beyonce for in 2006?
q_833,What French Magazine cover did the media criticize?
q_834,How was she dressed on the cover of L'Officiel?
q_835,What French magazine did Beyoncé appear in wearing blackface and tribal makeup?
q_836,What clothing line of Beyoncé drew PETA criticism?
q_837,What type of magazine is L'Officiel?
q_838,Which racial community gave criticism to Beyonce?
q_839,Which professor from Northeastern University wrote about how race correlates with these criticisms of Beyonce?
q_840,Which company was accused of coloring Beyonce's hair?
q_841,What did Vogue request?
q_842,How did L'Oreal respond to accusations of changing pictures?
q_843,"In addition to her light skin color, what else has made part of the African American community criticize Beyoncé?"
q_844,"In 2007, which music professor said he believes this criticism does involve race as well?"
q_845,Who was accused of lightening Beyoncé's skin for an advertisement?
q_846,What advertisement was Beyoncé's skin supposedly lightened in?
q_847,Who did Beyoncé tell in 2013 to only use natural pictures of her rather than retouched images?
q_848,Artist of the Decade was bestowed upon Beyonce from which magazine?
q_849,Whats the first year that Beyonce appear on the Time 100 list?
q_850,Beyonce than appeared again on the Time 100 list in what year?
q_851,What did the Guardian name her?
q_852,When did Beyonce first make the Time 100 List?
q_853,When was she again on the Time 100 List and on the cover?
q_854,Who said that she is the reigning national voice?
q_855,Who stated that Beyoncé is the most important musician of the 21st century?
q_856,Which publication named Beyoncé the Artist of the Decade?
q_857,What list did Beyoncé make in 2013?
q_858,Who said Beyoncé is the heir-apparent diva of the United States?
q_859,What year was Beyoncé featured both on the Time 100 list as well as the cover of the issue?
q_860,Which rock band cited Beyonce on their third album?
q_861,"Which friend learned from Beyonce while preparing for the film, ""Country Strong?"""
q_862,Nicky Minaj became a spokesperson for which brand of soda after seeing Beyonce involved with it?
q_863,What influenced Nicki Minaj to join the Pepsi global campaign?
q_864,Which band listed Beyonce as an inspiration on their latest album?
q_865,What about Beyonce has influenced many entertainers?
q_866,For what film was Paltrow studying Beyonce ?
q_867,Which Indie band said Beyoncé was an inspiration for one of hteir albums?
q_868,What was the name of the White Rabbits' album?
q_869,Who studied Beyoncé during live concerts for research for a film's music role?
q_870,What was the name of the film that Gwyneth Paltrow starred in as a musician?
q_871,Beyoncé's Pepsi commercial inspired which star to join Pepsi's global campaign in 2012?
q_872,"VH1 declared what song the ""Greatest song of the 2000s?"""
q_873,"How many Grammy awards did ""Crazy in Love"" win?"
q_874,How many did Crazy in Love sell to become one of the greatest selling singles in history?
q_875,What type of organism was named after Beyonce in 2012?
q_876,A place for Beyonce in the Rock and Roll Hall of fame was awarded when?
q_877,Which of Beyonce's songs was called Greatest Song of the 2000s?
q_878,How many Grammy awards did Crazy in Love get?
q_879,How many copies did Crazy in Love sell?
q_880,Who released the single Girls Love Beyonce?
q_881,Which publication considers Crazy in Love to be one of the top 500 songs of all time?
q_882,"Who sang ""Girls Love Beyoncé"" in 2013?"
q_883,What did Bryan Lessard name after Beyoncé?
q_884,How many copies of her albums as Beyonce sold in the US?
q_885,"Totaling worldwide, how many records as Beyonce sold?"
q_886,How many certifications was Beyonce awarded by the RIAA?
q_887,"When Beyonce was with Destiny's Child, how many albums did she manage to sell?"
q_888,Who was the first female to achieve the International Artist Award at the American Music Awards?
q_889,How many albums has Beyonce as a solo artist sold in the U.S?
q_890,How many has she sold worldwide?
q_891,How many records has she sold with Destiny's Child?
q_892,When did she receive the Legend Award?
q_893,How many music certifications has she received in the 2000s?
q_894,How many records has Beyoncé sold in the United States?
q_895,How many records has Beyoncé sold throughout the world?
q_896,Who cited Beyoncé as being the top certified artist of the 2000s?
q_897,How many certifications did RIAA give Beyoncé?
q_898,When did Beyoncé receive the Legend Award?
q_899,How many Grammys has Beyonce won total with and without Destiny's Child?
q_900,Who is the only other woman with more Grammy awards than Beyonce?
q_901,Beyonce has been awarded how many Grammy nominations?
q_902,Beyonce holds the record for how many wins in one night by a female?
q_903,How many awards at the Broadcast Film Critics Association Awards in 2006 did Beyonce bring home?
q_904,How many Grammies has Beyonce won?
q_905,How many Grammy nominations does Beyonce have?
q_906,When did she set the record for most Grammy awards won in one night?
q_907,Who tied her record for most Grammies won in one night in 2012?
q_908,How many Grammys has Beyoncé won?
q_909,How many Grammy nominations has Beyoncé had?
q_910,What Beyoncé song was song of the year on 2010?
q_911,What movie had Beyoncé nominated as Best Actress for Golden Globe Awards?
q_912,Which soda company has Beyonce partnered with since 2002?
q_913,Pepsi paid Beyonce how much in 2012 for her endorsement?
q_914,Which organization wrote a letter to Beyonce after her Pepsi endorsement deal?
q_915,What percentage of people were positive about Beyonce's endorsement of Pepsi?
q_916,When did Beyonce begin doing Pepsi advetisments?
q_917,Who was in the commercial with Beyonce in 2004?
q_918,What did she agree to do for 50 million dollars in 2012?
q_919,Who sent her a letter asking that she reconsider the Pepsi deal?
q_920,What soft drink company has Beyoncé worked with since 2002?
q_921,How much did Beyoncé get for a deal with a soft drink company in 2012?
q_922,Who asked her to change her mind about the soft drink deal due to the nature of the product?
q_923,What organization discovered that the advertisements Beyoncé did for the soft drink company were 70% positive?
q_924,"Beyonce worked with who on her perfumes, True Star and True Star Gold?"
q_925,The world's best selling celebrity perfume line belongs to whom?
q_926,Beyonce's first fragrance had what name?
q_927,The Mrs. Carter Show Limited Edition was released in what year?
q_928,How much money did The Mrs. Carter Show Limited Edition fragrance make?
q_929,What was Beyonce's 2010 perfume called?
q_930,"When was her second perfume, Heat Rush, released?"
q_931,What was Beyonce's third perfume named?
q_932,How many editions of Heat have been launched?
q_933,Which Emporio Armani fragrance did Beyoncé promote in 2007?
q_934,What year did Beyoncé introduce her first fragrance?
q_935,What was Beyoncé's first fragrance called?
q_936,How many editions of Heat exist?
q_937,How young was Beyonce when she acquired deals from American Express and L'Oreal?
q_938,What was the name of the video game that was cancelled for Beyonce?
q_939,When did Beyonce begin her deals with name brands?
q_940,How many people lost jobs when Beyonce left the video game deal?
q_941,How was the suit settled?
q_942,What was the name of the video game?
q_943,What video game did Beyoncé back out of?
q_944,What company was producing the video game?
q_945,How many people lost their jobs over Beyoncé backing out of the deal?
q_946,When was the disagreement settled out of court?
q_947,Who did Bayonce's management go into business with in 2014?
q_948,"After their agreement together, Beyonce's and Topshop"" new business was called what?"
q_949,What type of clothing does Parkwood Topshop Athletic Ltd produce?
q_950,The company and products were set to be in stores when?
q_951,Who did Beyonce partner with in London?
q_952,When will the new line launch?
q_953,What is the name of Beyoncé's management company?
q_954,Who did Beyoncé and Parkwood Entertainment partner with in October 2014?
q_955,Where is Topshop located?
q_956,What was the new division of Topshop because of the partnership?
q_957,"When was it discovered Beyonce was a co-owner of the music service, Tidal?"
q_958,The parent company of Tidal became under the ownership of whom in 2015?
q_959,When was it announced that Beyonce was a co-owner in Tidal?
q_960,What kind of service is Tidal?
q_961,What is a criticism of other streaming services?
q_962,What music streaming system is Beyoncé part owner of?
q_963,What is the parent company of the music service Beyoncé owns part of?
q_964,Who acquired the parent company of the music service Beyoncé owns part of?
q_965,What music service is accused of providing low royalty amounts?
q_966,House of Dereon became known through Beyonce and which of Beyonce's relatives?
q_967,Beyonce's grandma's name was?
q_968,Beyonce's family's company name is what?
q_969,What types of garments are sold by Beyonce's clothing line?
q_970,Which two countries can you purchase Beyonce's clothing line?
q_971,"Who partnered with Beyonce to start the clothing line, Dereon?"
q_972,When did Beyonce and her mother start Dereon?
q_973,Who was the business named for in Beyonce's family?
q_974,Where were items from the clothing line displayed?
q_975,Who shares in the House of Deréon fashion line introduction with Beyoncé?
q_976,What is the name of the House of Deréon junior collection?
q_977,What type of accessory company did Beyonce partner with in 2005?
q_978,"In 2010, Beyonce released Dereon to what country?"
q_979,Back-to-school shopping was introduced in what year of Beyonce's clothing line?
q_980,What did Beyonce's Fashion Diva feature?
q_981,What new idea did Beyonce and her mother launch in 2009?
q_982,When did Beyonce partner with C&A to sell fashion in Brazil?
q_983,What company did Beyoncé get together with in 2005 to add shoes to her fashions?
q_984,What was the name of the game put out by Starwave Mobile in 2008 that featured Beyoncé fashions?
q_985,What was the name of the junior fashions launched in 2009 by Beyoncé and her mother?
q_986,Who did Beyoncé team up with in 2010 to get her fashions into Brazil?
q_987,Sasha Fierce for Deréon fashions were sold at stores that included Macy's and what other store?
q_988,"Beyonce, during October 2014, partnered with whom to produce an outdoor line of clothing?"
q_989,Beyonce and Topshops first products were to be sold in stores when?
q_990,What is the new business called?
q_991,What is Beyonce's percentage of ownership in the new venture?
q_992,When will the full line appear?
q_993,What company did Beyoncé contract with to sell clothing in England?
q_994,What is the name of the equal partnership's fashion line between Beyoncé and the British company to come out in 2016?
q_995,What type of clothing does the British partnership with Beyoncé sell?
q_996,What national disaster caused Beyonce to create the Survivor Foundation?
q_997,"How much cash did Beyonce put into the venture, the Survivor Foundation at startup?"
q_998,What hurricane years later after Katrina did the organization provide support for?
q_999,What did Beyonce and Rowland found in 2005?
